1	гениальной	гениальный	ADJ	_	Case=Ins|Degree=Pos|Gender=Fem|Number=Sing	_	_	_	@szs1962f-words#@szs1962f#155.39#155.794
2	женщиной	женщина	NOUN	_	Animacy=Anim|Case=Ins|Gender=Fem|Number=Sing	_	_	_	@szs1962f-words#@szs1962f#155.794#156.198
3	конечно	конечно	ADV	_	_	_	_	_	@szs1962f-words#@szs1962f#156.198#156.602
4	была	быть	AUX	_	Aspect=Imp|Gender=Fem|Mood=Ind|Number=Sing|Tense=Past|VerbForm=Fin|Voice=Act	_	_	_	@szs1962f-words#@szs1962f#156.602#157.006
5	/	/	PUNCT	_	_	_	_	_	@szs1962f-words#@szs1962f#157.006#157.41
6	Ида	Ида	PROPN	_	Animacy=Anim|Case=Nom|Gender=Fem|Number=Sing	_	_	_	@szs1962f-words#@szs1962f#157.41#157.814
7	Рубинштейн	Рубинштейн	PROPN	_	Animacy=Anim|Case=Nom|Gender=Fem|Number=Sing	_	_	_	@szs1962f-words#@szs1962f#157.814#158.218
8	навелно…	наверно	ADV	_	_	_	_	_	@szs1962f-words#@szs1962f#158.218#158.622
9	наверно	наверно	ADV	_	_	_	_	_	@szs1962f-words#@szs1962f#158.622#159.026
10	плохой	плохой	ADJ	_	Case=Ins|Degree=Pos|Gender=Fem|Number=Sing	_	_	_	@szs1962f-words#@szs1962f#159.026#159.43
11	танцовщицей	танцовщица	NOUN	_	Animacy=Anim|Case=Ins|Gender=Fem|Number=Sing	_	_	_	@szs1962f-words#@szs1962f#159.43#159.834
12	и	и	CCONJ	_	_	_	_	_	@szs1962f-words#@szs1962f#159.834#160.238
13	не	не	PART	_	_	_	_	_	@szs1962f-words#@szs1962f#160.238#160.642
14	очень	очень	ADV	_	_	_	_	_	@szs1962f-words#@szs1962f#160.642#161.046
15	хорошей	хороший	ADJ	_	Case=Ins|Degree=Pos|Gender=Fem|Number=Sing	_	_	_	@szs1962f-words#@szs1962f#161.046#161.45
16	артисткой	артистка	NOUN	_	Animacy=Anim|Case=Ins|Gender=Fem|Number=Sing	_	_	_	@szs1962f-words#@szs1962f#161.45#161.854
17	/	/	PUNCT	_	_	_	_	_	@szs1962f-words#@szs1962f#161.854#162.258
18	но	но	CCONJ	_	_	_	_	_	@szs1962f-words#@szs1962f#162.258#162.662
19	женщиной	женщина	NOUN	_	Animacy=Anim|Case=Ins|Gender=Fem|Number=Sing	_	_	_	@szs1962f-words#@szs1962f#162.662#163.066
20	/	/	PUNCT	_	_	_	_	_	@szs1962f-words#@szs1962f#163.066#163.47
21	ээ	ээ	INTJ	_	_	_	_	_	@szs1962f-words#@szs1962f#163.47#163.874
22	/	/	PUNCT	_	_	_	_	_	@szs1962f-words#@szs1962f#163.874#164.278
23	в	в	ADP	_	_	_	_	_	@szs1962f-words#@szs1962f#164.278#164.682
24	плане	план	NOUN	_	Animacy=Inan|Case=Loc|Gender=Masc|Number=Sing	_	_	_	@szs1962f-words#@szs1962f#164.682#165.086
25	креатива	креатив	NOUN	_	Animacy=Inan|Case=Gen|Gender=Masc|Number=Sing	_	_	_	@szs1962f-words#@szs1962f#165.086#165.49
26	и	и	CCONJ	_	_	_	_	_	@szs1962f-words#@szs1962f#165.49#165.894
27	предвидения	предвидение	NOUN	_	Animacy=Inan|Case=Gen|Gender=Neut|Number=Sing	_	_	_	@szs1962f-words#@szs1962f#165.894#166.298
28	была	быть	AUX	_	Aspect=Imp|Gender=Fem|Mood=Ind|Number=Sing|Tense=Past|VerbForm=Fin|Voice=Act	_	_	_	@szs1962f-words#@szs1962f#166.298#166.702
29	гениальной	гениальный	ADJ	_	Case=Ins|Degree=Pos|Gender=Fem|Number=Sing	_	_	_	@szs1962f-words#@szs1962f#166.702#167.106
30	/	/	PUNCT	_	_	_	_	_	@szs1962f-words#@szs1962f#167.106#167.51
31	потому	потому	ADV	_	_	_	_	_	@szs1962f-words#@szs1962f#167.51#167.914
32	что	что	SCONJ	_	_	_	_	_	@szs1962f-words#@szs1962f#167.914#168.318
33	благодаря	благодаря	ADP	_	_	_	_	_	@szs1962f-words#@szs1962f#168.318#168.722
34	ей	она	PRON	_	Case=Dat|Gender=Fem|Number=Sing|Person=3	_	_	_	@szs1962f-words#@szs1962f#168.722#169.126
35	/	/	PUNCT	_	_	_	_	_	@szs1962f-words#@szs1962f#169.126#169.53
36	было	быть	AUX	_	Aspect=Imp|Gender=Neut|Mood=Ind|Number=Sing|Tense=Past|VerbForm=Fin|Voice=Act	_	_	_	@szs1962f-words#@szs1962f#169.53#169.934
37	создано	создать	VERB	_	Aspect=Perf|Gender=Neut|Number=Sing|Tense=Past|Variant=Short|VerbForm=Part|Voice=Pass	_	_	_	@szs1962f-words#@szs1962f#169.934#170.338
38	три	три	NUM	_	Case=Nom	_	_	_	@szs1962f-words#@szs1962f#170.338#170.742
39	/	/	PUNCT	_	_	_	_	_	@szs1962f-words#@szs1962f#170.742#171.146
40	спектакля	спектакль	NOUN	_	Animacy=Inan|Case=Gen|Gender=Masc|Number=Sing	_	_	_	@szs1962f-words#@szs1962f#171.146#171.55
41	/	/	PUNCT	_	_	_	_	_	@szs1962f-words#@szs1962f#171.55#171.954
42	три	три	NUM	_	Case=Nom	_	_	_	@szs1962f-words#@szs1962f#171.954#172.358
43	произведения	произведение	NOUN	_	Animacy=Inan|Case=Gen|Gender=Neut|Number=Sing	_	_	_	@szs1962f-words#@szs1962f#172.358#172.762
44	которые	который	PRON	_	Case=Nom|Number=Plur	_	_	_	@szs1962f-words#@szs1962f#172.762#173.166
45	существуют	существовать	VERB	_	Aspect=Imp|Mood=Ind|Number=Plur|Person=3|Tense=Pres|VerbForm=Fin|Voice=Act	_	_	_	@szs1962f-words#@szs1962f#173.166#173.57
46	пожалуйста	пожалуйста	ADV	_	_	_	_	_	@szs1962f-words#@szs1962f#173.57#173.974
47	бери	брать	VERB	_	Aspect=Imp|Mood=Imp|Number=Sing|Person=2|VerbForm=Fin|Voice=Act	_	_	_	@szs1962f-words#@szs1962f#173.974#174.378
48	и	и	CCONJ	_	_	_	_	_	@szs1962f-words#@szs1962f#174.378#174.782
49	ставь	ставить	VERB	_	Aspect=Imp|Mood=Imp|Number=Sing|Person=2|VerbForm=Fin|Voice=Act	_	_	_	@szs1962f-words#@szs1962f#174.782#175.186
50	/	/	PUNCT	_	_	_	_	_	@szs1962f-words#@szs1962f#175.186#175.59
51	которые	который	PRON	_	Case=Nom|Number=Plur	_	_	_	@szs1962f-words#@szs1962f#175.59#175.994
52	абсолютный	абсолютный	ADJ	_	Case=Nom|Gender=Masc|Number=Sing	_	_	_	@szs1962f-words#@szs1962f#175.994#176.398
53	прообраз	прообраз	NOUN	_	Animacy=Inan|Case=Nom|Gender=Masc|Number=Sing	_	_	_	@szs1962f-words#@szs1962f#176.398#176.802
54	того	тот	PRON	_	Animacy=Inan|Case=Gen|Gender=Neut|Number=Sing	_	_	_	@szs1962f-words#@szs1962f#176.802#177.206
55	о	о	ADP	_	_	_	_	_	@szs1962f-words#@szs1962f#177.206#177.61
56	чём	что	PRON	_	Case=Loc	_	_	_	@szs1962f-words#@szs1962f#177.61#178.014
57	ты	ты	PRON	_	Case=Nom|Number=Sing|Person=2	_	_	_	@szs1962f-words#@szs1962f#178.014#178.418
58	говоришь	говорить	VERB	_	Aspect=Imp|Mood=Ind|Number=Sing|Person=2|Tense=Pres|VerbForm=Fin|Voice=Act	_	_	_	@szs1962f-words#@szs1962f#178.418#178.85
59	это	это	PART	_	_	_	_	_	@szs1962f-words#@szs1962f#179.3#179.669
60	/	/	PUNCT	_	_	_	_	_	@szs1962f-words#@szs1962f#179.669#180.038
61	Мука	Мука	NOUN		Animacy=Inan|Case=Nom|Gender=Fem|Number=Sing				@szs1962f-words#@szs1962f#180.038#180.407
62	святого	святой	ADJ		Degree=Pos|Case=Gen|Gender=Masc|Number=Sing				@szs1962f-words#@szs1962f#180.407#180.776
63	Себастиана	Себастиан	PROPN	_	Animacy=Anim|Case=Gen|Gender=Masc|Number=Sing	_	_	_	@szs1962f-words#@szs1962f#180.776#181.145
64	/	/	PUNCT	_	_	_	_	_	@szs1962f-words#@szs1962f#181.145#181.514
65	где	где	ADV	_	_	_	_	_	@szs1962f-words#@szs1962f#181.514#181.883
66	Сен-Санс	Сен-Санс	PROPN	_	Animacy=Anim|Case=Nom|Gender=Masc|Number=Sing	_	_	_	@szs1962f-words#@szs1962f#181.883#182.252
67	написал	написать	VERB	_	Aspect=Perf|Gender=Masc|Mood=Ind|Number=Sing|Tense=Past|VerbForm=Fin|Voice=Act	_	_	_	@szs1962f-words#@szs1962f#182.252#182.621
68	музыку	музыка	NOUN	_	Animacy=Inan|Case=Acc|Gender=Fem|Number=Sing	_	_	_	@szs1962f-words#@szs1962f#182.621#182.99
69	/	/	PUNCT	_	_	_	_	_	@szs1962f-words#@szs1962f#182.99#183.359
70	а	а	CCONJ	_	_	_	_	_	@szs1962f-words#@szs1962f#183.359#183.728
71	Габриэле	Габриэле	PROPN	_	Animacy=Anim|Case=Nom|Gender=Masc|Number=Sing	_	_	_	@szs1962f-words#@szs1962f#183.728#184.097
72	д'Аннунцио	д'Аннунцио	PROPN	_	Animacy=Anim|Case=Nom|Gender=Masc|Number=Sing	_	_	_	@szs1962f-words#@szs1962f#184.097#184.466
73	написал	написать	VERB	_	Aspect=Perf|Gender=Masc|Mood=Ind|Number=Sing|Tense=Past|VerbForm=Fin|Voice=Act	_	_	_	@szs1962f-words#@szs1962f#184.466#184.835
74	тексты	текст	NOUN	_	Animacy=Inan|Case=Acc|Gender=Masc|Number=Plur	_	_	_	@szs1962f-words#@szs1962f#184.835#185.204
75	/	/	PUNCT	_	_	_	_	_	@szs1962f-words#@szs1962f#185.204#185.573
76	и	и	CCONJ	_	_	_	_	_	@szs1962f-words#@szs1962f#185.573#185.942
77	где	где	ADV	_	_	_	_	_	@szs1962f-words#@szs1962f#185.942#186.311
78	она	она	PRON	_	Case=Nom|Gender=Fem|Number=Sing|Person=3	_	_	_	@szs1962f-words#@szs1962f#186.311#186.68
79	/	/	PUNCT	_	_	_	_	_	@szs1962f-words#@szs1962f#186.68#187.049
80	выступает	выступать	VERB	_	Aspect=Imp|Mood=Ind|Number=Sing|Person=3|Tense=Pres|VerbForm=Fin|Voice=Act	_	_	_	@szs1962f-words#@szs1962f#187.049#187.418
81	как	как	SCONJ	_	_	_	_	_	@szs1962f-words#@szs1962f#187.418#187.787
82	/	/	PUNCT	_	_	_	_	_	@szs1962f-words#@szs1962f#187.787#188.156
83	как	как	SCONJ	_	_	_	_	_	@szs1962f-words#@szs1962f#188.156#188.525
84	чтица	чтица	NOUN	_	Animacy=Anim|Case=Nom|Gender=Fem|Number=Sing	_	_	_	@szs1962f-words#@szs1962f#188.525#188.894
85	/	/	PUNCT	_	_	_	_	_	@szs1962f-words#@szs1962f#188.894#189.263
86	но	но	CCONJ	_	_	_	_	_	@szs1962f-words#@szs1962f#189.263#189.632
87	где	где	ADV	_	_	_	_	_	@szs1962f-words#@szs1962f#189.632#190.001
88	есть	быть	VERB	_	Aspect=Imp|Mood=Ind|Number=Sing|Person=3|Tense=Pres|VerbForm=Inf|Voice=Act	_	_	_	@szs1962f-words#@szs1962f#190.001#190.37
89	хор	хор	NOUN	_	Animacy=Inan|Case=Nom|Gender=Masc|Number=Sing	_	_	_	@szs1962f-words#@szs1962f#190.37#190.739
90	/	/	PUNCT	_	_	_	_	_	@szs1962f-words#@szs1962f#190.739#191.108
91	где	где	ADV	_	_	_	_	_	@szs1962f-words#@szs1962f#191.108#191.477
92	есть	быть	VERB	_	Aspect=Imp|Mood=Ind|Number=Sing|Person=3|Tense=Pres|VerbForm=Inf|Voice=Act	_	_	_	@szs1962f-words#@szs1962f#191.477#191.846
93	балет	балет	NOUN	_	Animacy=Inan|Case=Nom|Gender=Masc|Number=Sing	_	_	_	@szs1962f-words#@szs1962f#191.846#192.215
94	/	/	PUNCT	_	_	_	_	_	@szs1962f-words#@szs1962f#192.215#192.584
95	и	и	CCONJ	_	_	_	_	_	@szs1962f-words#@szs1962f#192.584#192.953
96	где	где	ADV	_	_	_	_	_	@szs1962f-words#@szs1962f#192.953#193.322
97	есть	быть	VERB	_	Aspect=Imp|Mood=Ind|Number=Sing|Person=3|Tense=Pres|VerbForm=Inf|Voice=Act	_	_	_	@szs1962f-words#@szs1962f#193.322#193.691
98	симфонический	симфонический	ADJ	_	Case=Nom|Gender=Masc|Number=Sing	_	_	_	@szs1962f-words#@szs1962f#193.691#194.06
99	оркестр	оркестр	NOUN	_	Animacy=Inan|Case=Nom|Gender=Masc|Number=Sing	_	_	_	@szs1962f-words#@szs1962f#194.06#194.429
100	/	/	PUNCT	_	_	_	_	_	@szs1962f-words#@szs1962f#194.429#194.798
101	и	и	CCONJ	_	_	_	_	_	@szs1962f-words#@szs1962f#194.798#195.167
102	то	то	PRON	_	Animacy=Inan|Case=Nom|Gender=Neut|Number=Sing	_	_	_	@szs1962f-words#@szs1962f#195.167#195.536
103	же	же	PART	_	_	_	_	_	@szs1962f-words#@szs1962f#195.536#195.905
104	самое	самый	ADJ	_	Case=Nom|Gender=Neut|Number=Sing	_	_	_	@szs1962f-words#@szs1962f#195.905#196.274
105	это	это	PART	_	_	_	_	_	@szs1962f-words#@szs1962f#196.274#196.643
106	Жанна	Жанна	PROPN	_	Animacy=Anim|Case=Nom|Gender=Fem|Number=Sing	_	_	_	@szs1962f-words#@szs1962f#196.643#197.012
107	д'Арк	д'Арк	PROPN	_	Animacy=Anim|Case=Nom|Gender=Fem|Number=Sing	_	_	_	@szs1962f-words#@szs1962f#197.012#197.381
108	на	на	ADP	_	_	_	_	_	@szs1962f-words#@szs1962f#197.381#197.75
109	костре	костер	NOUN	_	Animacy=Inan|Case=Loc|Gender=Masc|Number=Sing	_	_	_	@szs1962f-words#@szs1962f#197.75#198.119
110	/	/	PUNCT	_	_	_	_	_	@szs1962f-words#@szs1962f#198.119#198.488
111	который	который	PRON	_	Case=Acc	_	_	_	@szs1962f-words#@szs1962f#198.488#198.857
112	для	для	ADP	_	_	_	_	_	@szs1962f-words#@szs1962f#198.857#199.226
113	неё	она	PRON	_	Animacy=Inan|Case=Gen|Gender=Neut|Number=Sing	_	_	_	@szs1962f-words#@szs1962f#199.226#199.595
114	написали	написать	VERB	_	Aspect=Perf|Mood=Ind|Number=Plur|Tense=Past|VerbForm=Fin|Voice=Act	_	_	_	@szs1962f-words#@szs1962f#199.595#199.964
115	/	/	PUNCT	_	_	_	_	_	@szs1962f-words#@szs1962f#199.964#200.333
116	Онеггер	Онеггер	PROPN	_	Animacy=Anim|Case=Nom|Gender=Masc|Number=Sing	_	_	_	@szs1962f-words#@szs1962f#200.333#200.702
117	ии	и	CCONJ	_	_	_	_	_	@szs1962f-words#@szs1962f#200.702#201.071
118	/	/	PUNCT	_	_	_	_	_	@szs1962f-words#@szs1962f#201.071#201.44
119	Поль	Поль	PROPN	_	Animacy=Anim|Case=Nom|Gender=Masc|Number=Sing	_	_	_	@szs1962f-words#@szs1962f#201.44#201.809
120	Коло…	Коло...	X	_	_	_	_	_	@szs1962f-words#@szs1962f#201.809#202.23
121	ну	ну	PART	_	_	_	_	_	@szs1962f-words#@szs1962f#204.57#204.836
122	в	в	ADP	_	_	_	_	_	@szs1962f-words#@szs1962f#204.836#205.102
123	опере	опера	NOUN	_	Animacy=Inan|Case=Loc|Gender=Fem|Number=Sing	_	_	_	@szs1962f-words#@szs1962f#205.102#205.368
124	нету	нет	PART	_	_	_	_	_	@szs1962f-words#@szs1962f#205.368#205.634
125	/	/	PUNCT	_	_	_	_	_	@szs1962f-words#@szs1962f#205.634#205.9
126	да	да	PART	_	_	_	_	_	@szs1962f-words#@szs1962f#205.9#206.17
127	почему	почему	ADV	_	_	_	_	_	@szs1962f-words#@szs1962f#219.0#219.394
128	вы	вы	PRON	_	Case=Nom|Number=Plur|Person=2	_	_	_	@szs1962f-words#@szs1962f#219.394#219.788
129	здесь	здесь	ADV	_	_	_	_	_	@szs1962f-words#@szs1962f#219.788#220.182
130	/	/	PUNCT	_	_	_	_	_	@szs1962f-words#@szs1962f#220.182#220.576
131	сь...	сидеть	VERB	_	Aspect=Imp|Mood=Ind|Number=Plur|Person=2|Tense=Pres|VerbForm=Fin|Voice=Act	_	_	_	@szs1962f-words#@szs1962f#220.576#220.97
132	сидите	сидеть	VERB	_	Aspect=Imp|Mood=Ind|Number=Plur|Person=2|Tense=Pres|VerbForm=Fin|Voice=Act	_	_	_	@szs1962f-words#@szs1962f#220.97#221.364
133	неслучайно	неслучайно	ADV	_	Degree=Pos	_	_	_	@szs1962f-words#@szs1962f#221.364#221.758
134	потому	потому	ADV	_	_	_	_	_	@szs1962f-words#@szs1962f#221.758#222.152
135	что	что	SCONJ	_	_	_	_	_	@szs1962f-words#@szs1962f#222.152#222.546
136	уу	у	INTJ	_	_	_	_	_	@szs1962f-words#@szs1962f#222.546#222.94
137	/	/	PUNCT	_	_	_	_	_	@szs1962f-words#@szs1962f#222.94#223.334
138	ты	ты	PRON	_	Case=Nom|Number=Sing|Person=2	_	_	_	@szs1962f-words#@szs1962f#223.334#223.728
139	/	/	PUNCT	_	_	_	_	_	@szs1962f-words#@szs1962f#223.728#224.122
140	последнее	последний	ADJ	_	Case=Acc|Gender=Neut|Number=Sing	_	_	_	@szs1962f-words#@szs1962f#224.122#224.516
141	время	время	NOUN	_	Animacy=Inan|Case=Acc|Gender=Neut|Number=Sing	_	_	_	@szs1962f-words#@szs1962f#224.516#224.91
142	как	как	SCONJ	_	_	_	_	_	@szs1962f-words#@szs1962f#224.91#225.304
143	генератор	генератор	NOUN	_	Animacy=Inan|Case=Nom|Gender=Masc|Number=Sing	_	_	_	@szs1962f-words#@szs1962f#225.304#225.698
144	и	и	CCONJ	_	_	_	_	_	@szs1962f-words#@szs1962f#225.698#226.092
145	как	как	SCONJ	_	_	_	_	_	@szs1962f-words#@szs1962f#226.092#226.486
146	продюсер	продюсер	NOUN	_	Animacy=Anim|Case=Nom|Gender=Masc|Number=Sing	_	_	_	@szs1962f-words#@szs1962f#226.486#226.88
147	/	/	PUNCT	_	_	_	_	_	@szs1962f-words#@szs1962f#226.88#227.274
148	выступаешь	выступать	VERB	_	Aspect=Imp|Mood=Ind|Number=Sing|Person=2|Tense=Pres|VerbForm=Fin|Voice=Act	_	_	_	@szs1962f-words#@szs1962f#227.274#227.668
149	вот	вот	PART	_	_	_	_	_	@szs1962f-words#@szs1962f#227.668#228.062
150	в	в	ADP	_	_	_	_	_	@szs1962f-words#@szs1962f#228.062#228.456
151	жанре	жанр	NOUN	_	Animacy=Inan|Case=Loc|Gender=Masc|Number=Sing	_	_	_	@szs1962f-words#@szs1962f#228.456#228.85
152	человека	человек	NOUN	_	Animacy=Anim|Case=Gen|Gender=Masc|Number=Sing	_	_	_	@szs1962f-words#@szs1962f#228.85#229.244
153	который	который	PRON	_	Case=Nom	_	_	_	@szs1962f-words#@szs1962f#229.244#229.638
154	/	/	PUNCT	_	_	_	_	_	@szs1962f-words#@szs1962f#229.638#230.032
155	м	м	INTJ	_	_	_	_	_	@szs1962f-words#@szs1962f#230.032#230.426
156	рождает	рождать	VERB	_	Aspect=Imp|Mood=Ind|Number=Sing|Person=3|Tense=Pres|VerbForm=Fin|Voice=Act	_	_	_	@szs1962f-words#@szs1962f#230.426#230.82
157	эти	этот	DET	_	Case=Acc|Number=Plur	_	_	_	@szs1962f-words#@szs1962f#230.82#231.214
158	спектакли	спектакль	NOUN	_	Animacy=Inan|Case=Acc|Gender=Masc|Number=Plur	_	_	_	@szs1962f-words#@szs1962f#231.214#231.608
159	/	/	PUNCT	_	_	_	_	_	@szs1962f-words#@szs1962f#231.608#232.002
160	а	а	CCONJ	_	_	_	_	_	@szs1962f-words#@szs1962f#232.002#232.396
161	Илья	Илья	PROPN	_	Case=Nom|Gender=Masc|Number=Sing	_	_	_	@szs1962f-words#@szs1962f#232.396#232.79
162	/	/	PUNCT	_	_	_	_	_	@szs1962f-words#@szs1962f#232.79#233.184
163	э	э	INTJ	_	_	_	_	_	@szs1962f-words#@szs1962f#233.184#233.578
164	/	/	PUNCT	_	_	_	_	_	@szs1962f-words#@szs1962f#233.578#233.972
165	тот	тот	DET	_	Case=Nom|Gender=Masc|Number=Sing	_	_	_	@szs1962f-words#@szs1962f#233.972#234.366
166	композитор	композитор	NOUN	_	Animacy=Anim|Case=Nom|Gender=Masc|Number=Sing	_	_	_	@szs1962f-words#@szs1962f#234.366#234.76
167	который	который	PRON	_	Case=Nom	_	_	_	@szs1962f-words#@szs1962f#234.76#235.154
168	как	как	ADV	_	_	_	_	_	@szs1962f-words#@szs1962f#235.154#235.548
169	бы	бы	PART	_	_	_	_	_	@szs1962f-words#@szs1962f#235.548#235.942
170	за	за	ADP	_	_	_	_	_	@szs1962f-words#@szs1962f#235.942#236.336
171	последние	последний	ADJ	_	Animacy=Inan|Case=Acc|Number=Plur	_	_	_	@szs1962f-words#@szs1962f#236.336#236.73
172	годы	год	NOUN	_	Animacy=Inan|Case=Acc|Gender=Masc|Number=Plur	_	_	_	@szs1962f-words#@szs1962f#236.73#237.124
173	очень	очень	ADV	_	_	_	_	_	@szs1962f-words#@szs1962f#237.124#237.518
174	/	/	PUNCT	_	_	_	_	_	@szs1962f-words#@szs1962f#237.518#237.912
175	м	м	INTJ	_	_	_	_	_	@szs1962f-words#@szs1962f#237.912#238.306
176	э	э	INTJ	_	_	_	_	_	@szs1962f-words#@szs1962f#238.306#238.7
177	/	/	PUNCT	_	_	_	_	_	@szs1962f-words#@szs1962f#238.7#239.094
178	плодотворно	плодотворно	ADV	_	Degree=Pos	_	_	_	@szs1962f-words#@szs1962f#239.094#239.488
179	и	и	CCONJ	_	_	_	_	_	@szs1962f-words#@szs1962f#239.488#239.882
180	/	/	PUNCT	_	_	_	_	_	@szs1962f-words#@szs1962f#239.882#240.276
181	и	и	CCONJ	_	_	_	_	_	@szs1962f-words#@szs1962f#240.276#240.67
182	/	/	PUNCT	_	_	_	_	_	@szs1962f-words#@szs1962f#240.67#241.064
183	заметно	заметно	ADV	_	Degree=Pos	_	_	_	@szs1962f-words#@szs1962f#241.064#241.458
184	творит	творить	VERB	_	Aspect=Imp|Mood=Ind|Number=Sing|Person=3|Tense=Pres|VerbForm=Fin|Voice=Act	_	_	_	@szs1962f-words#@szs1962f#241.458#241.852
185	именно	именно	PART	_	_	_	_	_	@szs1962f-words#@szs1962f#241.852#242.246
186	в	в	ADP	_	_	_	_	_	@szs1962f-words#@szs1962f#242.246#242.64
187	жанре	жанр	NOUN	_	Animacy=Inan|Case=Loc|Gender=Masc|Number=Sing	_	_	_	@szs1962f-words#@szs1962f#242.64#243.034
188	синтеза	синтез	NOUN	_	Animacy=Inan|Case=Gen|Gender=Masc|Number=Sing	_	_	_	@szs1962f-words#@szs1962f#243.034#243.428
189	искусств	искусство	NOUN	_	Animacy=Inan|Case=Gen|Gender=Neut|Number=Plur	_	_	_	@szs1962f-words#@szs1962f#243.428#243.83
190	мм	мм	INTJ	_	_	_	_	_	@szs1962f-words#@szs1962f#252.0#252.3
191	угу	угу	INTJ	_	_	_	_	_	@szs1962f-words#@szs1962f#264.34#264.76
192	угу	угу	INTJ	_	_	_	_	_	@szs1962f-words#@szs1962f#272.89#273.2
193	угу	угу	INTJ	_	_	_	_	_	@szs1962f-words#@szs1962f#280.4#280.79
194	потом	потом	ADV	_	_	_	_	_	@szs1962f-words#@szs1962f#305.07#305.463
195	там	там	ADV	_	_	_	_	_	@szs1962f-words#@szs1962f#305.463#305.856
196	же	же	PART	_	_	_	_	_	@szs1962f-words#@szs1962f#305.856#306.249
197	ещё	еще	ADV	_	_	_	_	_	@szs1962f-words#@szs1962f#306.249#306.642
198	есть	быть	VERB	_	Aspect=Imp|Mood=Ind|Number=Sing|Person=3|Tense=Pres|VerbForm=Inf|Voice=Act	_	_	_	@szs1962f-words#@szs1962f#306.642#307.035
199	всё-таки	всё-таки	ADV	_	_	_	_	_	@szs1962f-words#@szs1962f#307.035#307.428
200	/	/	PUNCT	_	_	_	_	_	@szs1962f-words#@szs1962f#307.428#307.821
201	также	также	CCONJ	_	_	_	_	_	@szs1962f-words#@szs1962f#307.821#308.214
202	художественное	художественный	ADJ	_	Case=Nom|Gender=Neut|Number=Sing	_	_	_	@szs1962f-words#@szs1962f#308.214#308.607
203	слово	слово	NOUN	_	Animacy=Inan|Case=Nom|Gender=Neut|Number=Sing	_	_	_	@szs1962f-words#@szs1962f#308.607#309.0
204	/	/	PUNCT	_	_	_	_	_	@szs1962f-words#@szs1962f#309.0#309.393
205	м	м	INTJ	_	_	_	_	_	@szs1962f-words#@szs1962f#309.393#309.786
206	/	/	PUNCT	_	_	_	_	_	@szs1962f-words#@szs1962f#309.786#310.179
207	которое	который	PRON	_	Case=Acc|Gender=Neut|Number=Sing	_	_	_	@szs1962f-words#@szs1962f#310.179#310.572
208	тоже	тоже	CCONJ	_	_	_	_	_	@szs1962f-words#@szs1962f#310.572#310.965
209	надо	надо	PRED	_	_	_	_	_	@szs1962f-words#@szs1962f#310.965#311.358
210	учитывать	учитывать	VERB	_	Aspect=Imp|VerbForm=Inf|Voice=Act	_	_	_	@szs1962f-words#@szs1962f#311.358#311.751
211	/	/	PUNCT	_	_	_	_	_	@szs1962f-words#@szs1962f#311.751#312.144
212	которое	который	PRON	_	Case=Acc|Gender=Neut|Number=Sing	_	_	_	@szs1962f-words#@szs1962f#312.144#312.537
213	звучит	звучать	VERB	_	Aspect=Imp|Mood=Ind|Number=Sing|Person=3|Tense=Pres|VerbForm=Fin|Voice=Act	_	_	_	@szs1962f-words#@szs1962f#312.537#312.93
214	тоже	тоже	PART	_	_	_	_	_	@szs1962f-words#@szs1962f#312.93#313.34
215	как	как	ADV	_	_	_	_	_	@szs1962f-words#@szs1962f#316.97#317.369
216	/	/	PUNCT	_	_	_	_	_	@szs1962f-words#@szs1962f#317.369#317.768
217	родился	родиться	VERB	_	Aspect=Perf|Gender=Masc|Mood=Ind|Number=Sing|Tense=Past|VerbForm=Fin|Voice=Mid	_	_	_	@szs1962f-words#@szs1962f#317.768#318.167
218	/	/	PUNCT	_	_	_	_	_	@szs1962f-words#@szs1962f#318.167#318.566
219	спектакль	спектакль	NOUN	_	Animacy=Inan|Case=Nom|Gender=Masc|Number=Sing	_	_	_	@szs1962f-words#@szs1962f#318.566#318.965
220	Кармен	Кармен	PROPN	_	Animacy=Anim|Case=Nom|Gender=Fem|Number=Sing	_	_	_	@szs1962f-words#@szs1962f#318.965#319.364
221	/	/	PUNCT	_	_	_	_	_	@szs1962f-words#@szs1962f#319.364#319.763
222	идея	идея	NOUN	_	Animacy=Inan|Case=Nom|Gender=Fem|Number=Sing	_	_	_	@szs1962f-words#@szs1962f#319.763#320.162
223	/	/	PUNCT	_	_	_	_	_	@szs1962f-words#@szs1962f#320.162#320.561
224	как	как	SCONJ	_	_	_	_	_	@szs1962f-words#@szs1962f#320.561#320.96
225	этот	этот	DET	_	Case=Nom|Gender=Masc|Number=Sing	_	_	_	@szs1962f-words#@szs1962f#320.96#321.359
226	скелет	скелет	NOUN	_	Animacy=Inan|Case=Nom|Gender=Masc|Number=Sing	_	_	_	@szs1962f-words#@szs1962f#321.359#321.758
227	/	/	PUNCT	_	_	_	_	_	@szs1962f-words#@szs1962f#321.758#322.157
228	идеи	идея	NOUN	_	Animacy=Inan|Case=Gen|Gender=Fem|Number=Sing	_	_	_	@szs1962f-words#@szs1962f#322.157#322.556
229	обрастал	обрастать	VERB	_	Aspect=Imp|Gender=Masc|Mood=Ind|Number=Sing|Tense=Past|VerbForm=Fin|Voice=Act	_	_	_	@szs1962f-words#@szs1962f#322.556#322.955
230	мясом	мясо	NOUN	_	Animacy=Inan|Case=Ins|Gender=Neut|Number=Sing	_	_	_	@szs1962f-words#@szs1962f#322.955#323.354
231	/	/	PUNCT	_	_	_	_	_	@szs1962f-words#@szs1962f#323.354#323.753
232	рассказывайте	рассказывать	VERB	_	Aspect=Imp|Mood=Imp|Number=Plur|Person=2|VerbForm=Fin|Voice=Act	_	_	_	@szs1962f-words#@szs1962f#323.753#324.152
233	/	/	PUNCT	_	_	_	_	_	@szs1962f-words#@szs1962f#324.152#324.551
234	я	я	PRON	_	Case=Nom|Number=Sing|Person=1	_	_	_	@szs1962f-words#@szs1962f#324.551#324.95
235	не	не	PART	_	_	_	_	_	@szs1962f-words#@szs1962f#324.95#325.349
236	знаю	знать	VERB	_	Aspect=Imp|Mood=Ind|Number=Sing|Person=1|Tense=Pres|VerbForm=Fin|Voice=Act	_	_	_	@szs1962f-words#@szs1962f#325.349#325.748
237	ничего	ничто	PRON	_	Case=Gen	_	_	_	@szs1962f-words#@szs1962f#325.748#326.16
238	мм	мм	INTJ	_	_	_	_	_	@szs1962f-words#@szs1962f#339.3#339.55
239	послушай	послушать	VERB	_	Aspect=Perf|Mood=Imp|Number=Sing|Person=2|VerbForm=Fin|Voice=Act	_	_	_	@szs1962f-words#@szs1962f#364.8#365.2
240	/	/	PUNCT	_	_	_	_	_	@szs1962f-words#@szs1962f#365.2#365.6
241	а	а	CCONJ	_	_	_	_	_	@szs1962f-words#@szs1962f#365.6#366.0
242	тебе	ты	PRON	_	Case=Dat|Number=Sing|Person=2	_	_	_	@szs1962f-words#@szs1962f#366.0#366.4
243	что	что	PRON	_	Case=Nom	_	_	_	@szs1962f-words#@szs1962f#366.4#366.8
244	заинтересовало	заинтересовать	VERB	_	Aspect=Perf|Gender=Neut|Mood=Ind|Number=Sing|Tense=Past|VerbForm=Fin|Voice=Act	_	_	_	@szs1962f-words#@szs1962f#366.8#367.2
245	больше	больше	PRED	_	Degree=Cmp	_	_	_	@szs1962f-words#@szs1962f#367.2#367.6
246	/	/	PUNCT	_	_	_	_	_	@szs1962f-words#@szs1962f#367.6#368.0
247	Мериме	Мериме	PROPN	_	Animacy=Anim|Case=Nom|Gender=Masc|Number=Sing	_	_	_	@szs1962f-words#@szs1962f#368.0#368.4
248	/	/	PUNCT	_	_	_	_	_	@szs1962f-words#@szs1962f#368.4#368.8
249	Бизе	Бизе	PROPN	_	Animacy=Anim|Case=Nom|Gender=Masc|Number=Sing	_	_	_	@szs1962f-words#@szs1962f#368.8#369.2
250	в	в	ADP	_	_	_	_	_	@szs1962f-words#@szs1962f#389.3#389.728
251	этом	этот	DET	_	Case=Loc|Gender=Masc|Number=Sing	_	_	_	@szs1962f-words#@szs1962f#389.728#390.156
252	спектакле	спектакль	NOUN	_	Animacy=Inan|Case=Loc|Gender=Masc|Number=Sing	_	_	_	@szs1962f-words#@szs1962f#390.156#390.584
253	всё-таки	все-таки	PART	_	_	_	_	_	@szs1962f-words#@szs1962f#390.584#391.012
254	помимо	помимо	ADP	_	_	_	_	_	@szs1962f-words#@szs1962f#391.012#391.44
255	Бизе	Бизе	PROPN	_	Animacy=Anim|Case=Gen|Gender=Masc|Number=Sing	_	_	_	@szs1962f-words#@szs1962f#391.44#391.868
256	/	/	PUNCT	_	_	_	_	_	@szs1962f-words#@szs1962f#391.868#392.296
257	без	без	ADP	_	_	_	_	_	@szs1962f-words#@szs1962f#392.296#392.724
258	которого	который	PRON	_	Case=Gen	_	_	_	@szs1962f-words#@szs1962f#392.724#393.152
259	никуда	никуда	ADV	_	_	_	_	_	@szs1962f-words#@szs1962f#393.152#393.58
260	не	не	PART	_	_	_	_	_	@szs1962f-words#@szs1962f#393.58#394.008
261	обойтись	обойтись	VERB	_	Aspect=Perf|VerbForm=Inf|Voice=Mid	_	_	_	@szs1962f-words#@szs1962f#394.008#394.436
262	когда	когда	SCONJ	_	_	_	_	_	@szs1962f-words#@szs1962f#394.436#394.864
263	мы	мы	PRON	_	Case=Nom|Number=Plur|Person=1	_	_	_	@szs1962f-words#@szs1962f#394.864#395.292
264	говорим	говорить	VERB	_	Aspect=Imp|Mood=Ind|Number=Plur|Person=1|Tense=Pres|VerbForm=Fin|Voice=Act	_	_	_	@szs1962f-words#@szs1962f#395.292#395.72
265	о	о	ADP	_	_	_	_	_	@szs1962f-words#@szs1962f#395.72#396.148
266	музыкальном	музыкальный	ADJ	_	Case=Loc|Gender=Neut|Number=Sing	_	_	_	@szs1962f-words#@szs1962f#396.148#396.576
267	воплощении	воплощение	NOUN	_	Animacy=Inan|Case=Loc|Gender=Neut|Number=Sing	_	_	_	@szs1962f-words#@szs1962f#396.576#397.004
268	Кармен	Кармен	PROPN	_	Animacy=Anim|Case=Gen|Gender=Fem|Number=Sing	_	_	_	@szs1962f-words#@szs1962f#397.004#397.432
269	/	/	PUNCT	_	_	_	_	_	@szs1962f-words#@szs1962f#397.432#397.86
270	есть	быть	VERB	_	Aspect=Imp|Mood=Ind|Number=Sing|Person=3|Tense=Pres|VerbForm=Inf|Voice=Act	_	_	_	@szs1962f-words#@szs1962f#397.86#398.288
271	ещё	еще	ADV	_	_	_	_	_	@szs1962f-words#@szs1962f#398.288#398.716
272	что	что	PRON	_	Case=Nom	_	_	_	@szs1962f-words#@szs1962f#398.716#399.144
273	мне	я	PRON	_	Case=Dat|Number=Sing|Person=1	_	_	_	@szs1962f-words#@szs1962f#399.144#399.572
274	показалось	показаться	VERB	_	Aspect=Perf|Gender=Neut|Mood=Ind|Number=Sing|Tense=Past|VerbForm=Fin|Voice=Mid	_	_	_	@szs1962f-words#@szs1962f#399.572#400.0
275	очень	очень	ADV	_	_	_	_	_	@szs1962f-words#@szs1962f#400.0#400.428
276	интересным	интересный	ADJ	_	Case=Ins|Degree=Pos|Gender=Neut|Number=Sing	_	_	_	@szs1962f-words#@szs1962f#400.428#400.856
277	/	/	PUNCT	_	_	_	_	_	@szs1962f-words#@szs1962f#400.856#401.284
278	хотя	хотя	SCONJ	_	_	_	_	_	@szs1962f-words#@szs1962f#401.284#401.712
279	пародоксальным	пародоксальный	ADJ	_	Case=Ins|Degree=Pos|Gender=Masc|Number=Sing	_	_	_	@szs1962f-words#@szs1962f#401.712#402.14
280	/	/	PUNCT	_	_	_	_	_	@szs1962f-words#@szs1962f#402.14#402.568
281	арабские	арабский	ADJ	_	Case=Nom|Number=Plur	_	_	_	@szs1962f-words#@szs1962f#402.568#402.996
282	народные	народный	ADJ	_	Case=Nom|Number=Plur	_	_	_	@szs1962f-words#@szs1962f#402.996#403.424
283	мотивы	мотив	NOUN	_	Animacy=Inan|Case=Nom|Gender=Masc|Number=Plur	_	_	_	@szs1962f-words#@szs1962f#403.424#403.852
284	на	на	ADP	_	_	_	_	_	@szs1962f-words#@szs1962f#403.852#404.28
285	национальных	национальный	ADJ	_	Case=Loc|Degree=Pos|Number=Plur	_	_	_	@szs1962f-words#@szs1962f#404.28#404.708
286	инструментах	инструмент	NOUN	_	Animacy=Inan|Case=Loc|Gender=Masc|Number=Plur	_	_	_	@szs1962f-words#@szs1962f#404.708#405.136
287	/	/	PUNCT	_	_	_	_	_	@szs1962f-words#@szs1962f#405.136#405.564
288	и	и	CCONJ	_	_	_	_	_	@szs1962f-words#@szs1962f#405.564#405.992
289	наверно	наверно	ADV	_	_	_	_	_	@szs1962f-words#@szs1962f#405.992#406.42
290	уже	уже	ADV	_	_	_	_	_	@szs1962f-words#@szs1962f#406.42#406.848
291	это	это	PRON	_	Animacy=Inan|Case=Nom|Gender=Neut|Number=Sing	_	_	_	@szs1962f-words#@szs1962f#406.848#407.276
292	такая	такой	DET	_	Case=Nom|Gender=Fem|Number=Sing	_	_	_	@szs1962f-words#@szs1962f#407.276#407.704
293	отсылка	отсылка	NOUN	_	Animacy=Inan|Case=Nom|Gender=Fem|Number=Sing	_	_	_	@szs1962f-words#@szs1962f#407.704#408.132
294	вот	вот	PART	_	_	_	_	_	@szs1962f-words#@szs1962f#408.132#408.56
295	к	к	ADP	_	_	_	_	_	@szs1962f-words#@szs1962f#408.56#408.988
296	Севилье	Севилья	PROPN	_	Animacy=Inan|Case=Dat|Gender=Fem|Number=Sing	_	_	_	@szs1962f-words#@szs1962f#408.988#409.416
297	/	/	PUNCT	_	_	_	_	_	@szs1962f-words#@szs1962f#409.416#409.844
298	и	и	CCONJ	_	_	_	_	_	@szs1962f-words#@szs1962f#409.844#410.272
299	к	к	ADP	_	_	_	_	_	@szs1962f-words#@szs1962f#410.272#410.7
300	Мавритании	Мавритания	PROPN	_	Animacy=Inan|Case=Dat|Gender=Fem|Number=Sing	_	_	_	@szs1962f-words#@szs1962f#410.7#411.128
301	/	/	PUNCT	_	_	_	_	_	@szs1962f-words#@szs1962f#411.128#411.556
302	куда-то	куда-то	ADV	_	_	_	_	_	@szs1962f-words#@szs1962f#411.556#411.984
303	вот	вот	PART	_	_	_	_	_	@szs1962f-words#@szs1962f#411.984#412.412
304	туда	туда	ADV	_	_	_	_	_	@szs1962f-words#@szs1962f#412.412#412.84
305	да	да	PART	_	_	_	_	_	@szs1962f-words#@szs1962f#412.84#413.29
306	мм	мм	INTJ	_	_	_	_	_	@szs1962f-words#@szs1962f#416.99#417.245
307	да	да	CCONJ	_	_	_	_	_	@szs1962f-words#@szs1962f#417.245#417.5
308	такого	такой	DET	_	Case=Gen|Gender=Masc|Number=Sing	_	_	_	@szs1962f-words#@szs1962f#420.59#420.895
309	востока	восток	NOUN	_	Animacy=Inan|Case=Gen|Gender=Masc|Number=Sing	_	_	_	@szs1962f-words#@szs1962f#420.895#421.2
310	мм	мм	INTJ	_	_	_	_	_	@szs1962f-words#@szs1962f#433.2#433.48
311	и	и	CCONJ	_	_	_	_	_	@szs1962f-words#@szs1962f#439.5#439.862
312	ещё	еще	ADV	_	_	_	_	_	@szs1962f-words#@szs1962f#439.862#440.224
313	возникла	возникнуть	VERB	_	Aspect=Perf|Gender=Fem|Mood=Ind|Number=Sing|Tense=Past|VerbForm=Fin|Voice=Act	_	_	_	@szs1962f-words#@szs1962f#440.224#440.586
314	идея	идея	NOUN	_	Animacy=Inan|Case=Nom|Gender=Fem|Number=Sing	_	_	_	@szs1962f-words#@szs1962f#440.586#440.948
315	что	что	SCONJ	_	_	_	_	_	@szs1962f-words#@szs1962f#440.948#441.31
316	каждый	каждый	DET	_	Case=Nom|Gender=Masc|Number=Sing	_	_	_	@szs1962f-words#@szs1962f#441.31#441.672
317	персонаж	персонаж	NOUN	_	Animacy=Anim|Case=Nom|Gender=Masc|Number=Sing	_	_	_	@szs1962f-words#@szs1962f#441.672#442.034
318	он	он	PRON	_	Case=Nom|Gender=Masc|Number=Sing|Person=3	_	_	_	@szs1962f-words#@szs1962f#442.034#442.396
319	/	/	PUNCT	_	_	_	_	_	@szs1962f-words#@szs1962f#442.396#442.758
320	э	эра	INTJ	_	_	_	_	_	@szs1962f-words#@szs1962f#442.758#443.12
321	в	в	ADP	_	_	_	_	_	@szs1962f-words#@szs1962f#443.12#443.482
322	трёх	три	NUM	_	Case=Loc	_	_	_	@szs1962f-words#@szs1962f#443.482#443.844
323	лицах	лицо	NOUN	_	Animacy=Inan|Case=Loc|Gender=Neut|Number=Plur	_	_	_	@szs1962f-words#@szs1962f#443.844#444.206
324	/	/	PUNCT	_	_	_	_	_	@szs1962f-words#@szs1962f#444.206#444.568
325	это	это	PART	_	_	_	_	_	@szs1962f-words#@szs1962f#444.568#444.93
326	э	э	INTJ	_	_	_	_	_	@szs1962f-words#@szs1962f#444.93#445.292
327	м	м	INTJ	_	_	_	_	_	@szs1962f-words#@szs1962f#445.292#445.654
328	/	/	PUNCT	_	_	_	_	_	@szs1962f-words#@szs1962f#445.654#446.016
329	Хо...	Хо...	X	_	_	_	_	_	@szs1962f-words#@szs1962f#446.016#446.378
330	в	в	ADP	_	_	_	_	_	@szs1962f-words#@szs1962f#446.378#446.74
331	случае	случай	NOUN	_	Animacy=Inan|Case=Loc|Gender=Masc|Number=Sing	_	_	_	@szs1962f-words#@szs1962f#446.74#447.102
332	дона	дон	NOUN	_	Animacy=Anim|Case=Gen|Gender=Masc|Number=Sing	_	_	_	@szs1962f-words#@szs1962f#447.102#447.464
333	Хосе	Хосе	PROPN	_	Animacy=Anim|Case=Gen|Gender=Masc|Number=Sing	_	_	_	@szs1962f-words#@szs1962f#447.464#447.826
334	это	это	PART	_	Animacy=Inan|Case=Nom|Gender=Neut|Number=Sing	_	_	_	@szs1962f-words#@szs1962f#447.826#448.188
335	/	/	PUNCT	_	_	_	_	_	@szs1962f-words#@szs1962f#448.188#448.55
336	Балуев	Балуев	PROPN	_	Animacy=Anim|Case=Nom|Gender=Masc|Number=Sing	_	_	_	@szs1962f-words#@szs1962f#448.55#448.912
337	как	как	SCONJ	_	_	_	_	_	@szs1962f-words#@szs1962f#448.912#449.274
338	драматический	драматический	ADJ	_	Case=Nom|Gender=Masc|Number=Sing	_	_	_	@szs1962f-words#@szs1962f#449.274#449.636
339	артист	артист	NOUN	_	Animacy=Anim|Case=Nom|Gender=Masc|Number=Sing	_	_	_	@szs1962f-words#@szs1962f#449.636#450.01
340	Хачатур	Хачатур	PROPN	_	Animacy=Anim|Case=Nom|Gender=Masc|Number=Sing	_	_	_	@szs1962f-words#@szs1962f#451.16#451.586
341	Бадалян	Бадалян	PROPN	_	Animacy=Anim|Case=Nom|Gender=Masc|Number=Sing	_	_	_	@szs1962f-words#@szs1962f#451.586#452.012
342	как	как	SCONJ	_	_	_	_	_	@szs1962f-words#@szs1962f#452.012#452.438
343	тенор	тенор	NOUN	_	Animacy=Inan|Case=Nom|Gender=Masc|Number=Sing	_	_	_	@szs1962f-words#@szs1962f#452.438#452.864
344	и	и	CCONJ	_	_	_	_	_	@szs1962f-words#@szs1962f#452.864#453.29
345	ещё	еще	ADV	_	_	_	_	_	@szs1962f-words#@szs1962f#453.29#453.716
346	ш...	ш...	X	_	_	_	_	_	@szs1962f-words#@szs1962f#453.716#454.142
347	мм	мм	INTJ	_	_	_	_	_	@szs1962f-words#@szs1962f#454.142#454.568
348	танцовщик	танцовщик	NOUN	_	Animacy=Inan|Case=Nom|Gender=Masc|Number=Sing	_	_	_	@szs1962f-words#@szs1962f#454.568#455.0
349	и	и	CCONJ	_	_	_	_	_	@szs1962f-words#@szs1962f#455.6#455.913
350	то	то	PRON	_	Case=Nom|Gender=Neut|Number=Sing	_	_	_	@szs1962f-words#@szs1962f#455.913#456.226
351	же	же	PART	_	_	_	_	_	@szs1962f-words#@szs1962f#456.226#456.539
352	самое	самый	ADJ	_	Case=Nom|Gender=Neut|Number=Sing	_	_	_	@szs1962f-words#@szs1962f#456.539#456.852
353	происходит	происходить	VERB	_	Aspect=Imp|Mood=Ind|Number=Sing|Person=3|Tense=Pres|VerbForm=Fin|Voice=Act	_	_	_	@szs1962f-words#@szs1962f#456.852#457.165
354	с	с	ADP	_	_	_	_	_	@szs1962f-words#@szs1962f#457.165#457.478
355	Кармен	Кармен	PROPN	_	Animacy=Anim|Case=Ins|Gender=Fem|Number=Sing	_	_	_	@szs1962f-words#@szs1962f#457.478#457.791
356	/	/	PUNCT	_	_	_	_	_	@szs1962f-words#@szs1962f#457.791#458.104
357	она	она	PRON	_	Case=Nom|Gender=Fem|Number=Sing|Person=3	_	_	_	@szs1962f-words#@szs1962f#458.104#458.417
358	в	в	ADP	_	_	_	_	_	@szs1962f-words#@szs1962f#458.417#458.73
359	двух	два	NUM	_	Case=Loc	_	_	_	@szs1962f-words#@szs1962f#458.73#459.043
360	воплощениях	воплощение	NOUN	_	Animacy=Inan|Case=Loc|Gender=Neut|Number=Plur	_	_	_	@szs1962f-words#@szs1962f#459.043#459.356
361	да	да	PART	_	_	_	_	_	@szs1962f-words#@szs1962f#459.356#459.669
362	это	это	PRON	_	Animacy=Inan|Case=Nom|Gender=Neut|Number=Sing	_	_	_	@szs1962f-words#@szs1962f#459.669#459.982
363	балерина	балерина	NOUN	_	Animacy=Anim|Case=Nom|Gender=Fem|Number=Sing	_	_	_	@szs1962f-words#@szs1962f#459.982#460.295
364	и	и	CCONJ	_	_	_	_	_	@szs1962f-words#@szs1962f#460.295#460.608
365	это	этот	PRON	_	Animacy=Inan|Case=Nom|Gender=Neut|Number=Sing	_	_	_	@szs1962f-words#@szs1962f#460.608#460.921
366	певица	певица	NOUN	_	Animacy=Anim|Case=Nom|Gender=Fem|Number=Sing	_	_	_	@szs1962f-words#@szs1962f#460.921#461.25
367	смотрим	смотреть	VERB	_	Aspect=Imp|Mood=Ind|Number=Plur|Person=1|Tense=Pres|VerbForm=Fin|Voice=Act	_	_	_	@szs1962f-words#@szs1962f#462.0#462.471
368	фрагмент	фрагмент	NOUN	_	Animacy=Inan|Case=Acc|Gender=Masc|Number=Sing	_	_	_	@szs1962f-words#@szs1962f#462.471#462.942
369	/	/	PUNCT	_	_	_	_	_	@szs1962f-words#@szs1962f#462.942#463.413
370	спектакля	спектакль	NOUN	_	Animacy=Inan|Case=Gen|Gender=Masc|Number=Sing	_	_	_	@szs1962f-words#@szs1962f#463.413#463.884
371	Кармен	Кармен	PROPN	_	Animacy=Anim|Case=Nom|Gender=Fem|Number=Sing	_	_	_	@szs1962f-words#@szs1962f#463.884#464.355
372	/	/	PUNCT	_	_	_	_	_	@szs1962f-words#@szs1962f#464.355#464.826
373	пожалуйста	пожалуйста	ADV	_	_	_	_	_	@szs1962f-words#@szs1962f#464.826#465.3
374	[нрзб]	[нрзб]	X	_	_	_	_	_	@pmk1959m-words#@pmk1959m#185.64#186.44
375	певица	певица	NOUN	_	Animacy=Anim|Case=Nom|Gender=Fem|Number=Sing	_	_	_	@pmk1959m-words#@pmk1959m#189.71#190.25
376	как	как	SCONJ	_	_	_	_	_	@pmk1959m-words#@pmk1959m#190.78#191.23
377	чтица	чтица	NOUN	_	Animacy=Anim|Case=Nom|Gender=Fem|Number=Sing	_	_	_	@pmk1959m-words#@pmk1959m#191.23#191.68
378	ээ	ээ	INTJ	_	_	_	_	_	@pmk1959m-words#@pmk1959m#191.68#192.13
379	угу	угу	INTJ	_	_	_	_	_	@pmk1959m-words#@pmk1959m#193.09#193.44
380	[нрзб]	[нрзб]	X	_	_	_	_	_	@pmk1959m-words#@pmk1959m#284.8#285.53
381	скажи	сказать	VERB	_	Aspect=Perf|Mood=Imp|Number=Sing|Person=2|VerbForm=Fin|Voice=Act	_	_	_	@pmk1959m-words#@pmk1959m#286.77#287.039
382	пожалуйста	пожалуйста	ADV	_	_	_	_	_	@pmk1959m-words#@pmk1959m#287.039#287.308
383	ну	ну	PART	_	_	_	_	_	@pmk1959m-words#@pmk1959m#287.308#287.577
384	т...	т...	X	_	_	_	_	_	@pmk1959m-words#@pmk1959m#287.577#287.846
385	при	при	ADP	_	_	_	_	_	@pmk1959m-words#@pmk1959m#287.846#288.115
386	этом	это	PRON	_	Animacy=Inan|Case=Loc|Gender=Neut|Number=Sing	_	_	_	@pmk1959m-words#@pmk1959m#288.115#288.384
387	у	у	ADP	_	_	_	_	_	@pmk1959m-words#@pmk1959m#288.384#288.653
388	тебя	ты	PRON	_	Case=Gen|Number=Sing|Person=2	_	_	_	@pmk1959m-words#@pmk1959m#288.653#288.922
389	там	там	ADV	_	_	_	_	_	@pmk1959m-words#@pmk1959m#288.922#289.191
390	есть	быть	VERB	_	Aspect=Imp|Mood=Ind|Number=Sing|Person=3|Tense=Pres|VerbForm=Inf|Voice=Act	_	_	_	@pmk1959m-words#@pmk1959m#289.191#289.46
391	к...	к...	X	_	_	_	_	_	@pmk1959m-words#@pmk1959m#289.46#289.729
392	/	/	PUNCT	_	_	_	_	_	@pmk1959m-words#@pmk1959m#289.729#289.998
393	хор	хор	NOUN	_	Animacy=Inan|Case=Nom|Gender=Masc|Number=Sing	_	_	_	@pmk1959m-words#@pmk1959m#289.998#290.267
394	/	/	PUNCT	_	_	_	_	_	@pmk1959m-words#@pmk1959m#290.267#290.536
395	ээ	ээ	INTJ	_	_	_	_	_	@pmk1959m-words#@pmk1959m#290.536#290.805
396	/	/	PUNCT	_	_	_	_	_	@pmk1959m-words#@pmk1959m#290.805#291.074
397	который	который	PRON	_	Case=Nom|Gender=Masc|Number=Sing	_	_	_	@pmk1959m-words#@pmk1959m#291.074#291.343
398	поёт	петь	VERB	_	Aspect=Imp|Mood=Ind|Number=Sing|Person=3|Tense=Pres|VerbForm=Fin|Voice=Act	_	_	_	@pmk1959m-words#@pmk1959m#291.343#291.612
399	там	там	PART	_	_	_	_	_	@pmk1959m-words#@pmk1959m#291.612#291.881
400	/	/	PUNCT	_	_	_	_	_	@pmk1959m-words#@pmk1959m#291.881#292.15
401	у	у	ADP	_	_	_	_	_	@pmk1959m-words#@pmk1959m#292.15#292.419
402	тебя	ты	PRON	_	Case=Gen|Number=Sing|Person=2	_	_	_	@pmk1959m-words#@pmk1959m#292.419#292.688
403	есть	быть	VERB	_	Aspect=Imp|Mood=Ind|Number=Sing|Person=3|Tense=Pres|VerbForm=Inf|Voice=Act	_	_	_	@pmk1959m-words#@pmk1959m#292.688#292.957
404	ээ	ээ	INTJ	_	_	_	_	_	@pmk1959m-words#@pmk1959m#292.957#293.226
405	солисты	солист	NOUN	_	Animacy=Anim|Case=Nom|Gender=Masc|Number=Plur	_	_	_	@pmk1959m-words#@pmk1959m#293.226#293.495
406	вокалисты	вокалист	NOUN	_	Animacy=Anim|Case=Nom|Gender=Masc|Number=Plur	_	_	_	@pmk1959m-words#@pmk1959m#293.495#293.764
407	/	/	PUNCT	_	_	_	_	_	@pmk1959m-words#@pmk1959m#293.764#294.033
408	и	и	CCONJ	_	_	_	_	_	@pmk1959m-words#@pmk1959m#294.033#294.302
409	во	в	ADP	_	_	_	_	_	@pmk1959m-words#@pmk1959m#294.302#294.571
410	французской	французский	ADJ	_	Case=Loc|Gender=Fem|Number=Sing	_	_	_	@pmk1959m-words#@pmk1959m#294.571#294.84
411	части	часть	NOUN	_	Animacy=Inan|Case=Loc|Gender=Fem|Number=Sing	_	_	_	@pmk1959m-words#@pmk1959m#294.84#295.109
412	и	и	CCONJ	_	_	_	_	_	@pmk1959m-words#@pmk1959m#295.109#295.378
413	в	в	ADP	_	_	_	_	_	@pmk1959m-words#@pmk1959m#295.378#295.647
414	русской	русский	ADJ	_	Case=Loc|Gender=Fem|Number=Sing	_	_	_	@pmk1959m-words#@pmk1959m#295.647#295.916
415	части	часть	NOUN	_	Animacy=Inan|Case=Loc|Gender=Fem|Number=Sing	_	_	_	@pmk1959m-words#@pmk1959m#295.916#296.185
416	/	/	PUNCT	_	_	_	_	_	@pmk1959m-words#@pmk1959m#296.185#296.454
417	солисты	солист	NOUN	_	Animacy=Anim|Case=Nom|Gender=Masc|Number=Plur	_	_	_	@pmk1959m-words#@pmk1959m#296.454#296.73
418	солисты	солист	NOUN	_	Animacy=Anim|Case=Nom|Gender=Masc|Number=Plur	_	_	_	@pmk1959m-words#@pmk1959m#297.15#297.68
419	солистка	солистка	NOUN	_	Animacy=Anim|Case=Nom|Gender=Fem|Number=Sing	_	_	_	@pmk1959m-words#@pmk1959m#298.29#299.013
420	/	/	PUNCT	_	_	_	_	_	@pmk1959m-words#@pmk1959m#299.013#299.736
421	[нрзб]	[нрзб]	X	_	_	_	_	_	@pmk1959m-words#@pmk1959m#299.736#300.46
422	но	но	CCONJ	_	_	_	_	_	@pmk1959m-words#@pmk1959m#302.09#302.297
423	ты	ты	PRON	_	Case=Nom|Number=Sing|Person=2	_	_	_	@pmk1959m-words#@pmk1959m#302.297#302.504
424	же	же	PART	_	_	_	_	_	@pmk1959m-words#@pmk1959m#302.504#302.711
425	но	но	CCONJ	_	_	_	_	_	@pmk1959m-words#@pmk1959m#302.711#302.918
426	ты	ты	PRON	_	Case=Nom|Number=Sing|Person=2	_	_	_	@pmk1959m-words#@pmk1959m#302.918#303.125
427	же	же	PART	_	_	_	_	_	@pmk1959m-words#@pmk1959m#303.125#303.332
428	писал	писать	VERB	_	Aspect=Imp|Gender=Masc|Mood=Ind|Number=Sing|Tense=Past|VerbForm=Fin|Voice=Act	_	_	_	@pmk1959m-words#@pmk1959m#303.332#303.539
429	эту	этот	DET	_	Case=Acc|Gender=Fem|Number=Sing	_	_	_	@pmk1959m-words#@pmk1959m#303.539#303.746
430	музыку	музыка	NOUN	_	Animacy=Inan|Case=Acc|Gender=Fem|Number=Sing	_	_	_	@pmk1959m-words#@pmk1959m#303.746#303.96
431	понимаешь	понимать	VERB	_	Aspect=Imp|Mood=Ind|Number=Sing|Tense=Pres|Person=2|VerbForm=Fin|Voice=Act	_	_	_	@pmk1959m-words#@pmk1959m#304.5#304.716
432	то	то	PRON	_	Animacy=Inan|Case=Nom|Gender=Neut|Number=Sing	_	_	_	@pmk1959m-words#@pmk1959m#304.716#304.932
433	есть	быть	VERB	_	Aspect=Imp|Mood=Ind|Number=Sing|Person=3|Tense=Pres|VerbForm=Inf|Voice=Act	_	_	_	@pmk1959m-words#@pmk1959m#304.932#305.15
434	ты	ты	PRON	_	Case=Nom|Number=Sing|Person=2	_	_	_	@pmk1959m-words#@pmk1959m#324.79#325.136
435	зна...	знать	VERB	_	Aspect=Imp|Mood=Ind|Number=Sing|Person=2|Tense=Pres|VerbForm=Fin|Voice=Act	_	_	_	@pmk1959m-words#@pmk1959m#325.136#325.482
436	ты	ты	PRON	_	Case=Nom|Number=Sing|Person=2	_	_	_	@pmk1959m-words#@pmk1959m#325.482#325.828
437	знаешь	знать	VERB	_	Aspect=Imp|Mood=Ind|Number=Sing|Person=2|Tense=Pres|VerbForm=Fin|Voice=Act	_	_	_	@pmk1959m-words#@pmk1959m#325.828#326.174
438	/	/	PUNCT	_	_	_	_	_	@pmk1959m-words#@pmk1959m#326.174#326.52
439	я	я	PRON	_	Case=Nom|Number=Sing|Person=1	_	_	_	@pmk1959m-words#@pmk1959m#326.52#326.866
440	могу	мочь	VERB	_	Aspect=Imp|Mood=Ind|Number=Sing|Person=1|Tense=Pres|VerbForm=Fin|Voice=Act	_	_	_	@pmk1959m-words#@pmk1959m#326.866#327.212
441	прям	прямо	ADV	_	Degree=Pos	_	_	_	@pmk1959m-words#@pmk1959m#327.212#327.558
442	пошагово	пошагово	ADV	_	_	_	_	_	@pmk1959m-words#@pmk1959m#327.558#327.904
443	/	/	PUNCT	_	_	_	_	_	@pmk1959m-words#@pmk1959m#327.904#328.25
444	аа	аа	INTJ	_	_	_	_	_	@pmk1959m-words#@pmk1959m#328.25#328.596
445	ээ	ээ	INTJ	_	_	_	_	_	@pmk1959m-words#@pmk1959m#328.596#328.942
446	б...	б...	X	_	_	_	_	_	@pmk1959m-words#@pmk1959m#328.942#329.288
447	все	все	PRON	_	Animacy=Inan|Case=Nom|Gender=Neut|Number=Sing	_	_	_	@pmk1959m-words#@pmk1959m#329.288#329.634
448	/	/	PUNCT	_	_	_	_	_	@pmk1959m-words#@pmk1959m#329.634#329.98
449	я	я	PRON	_	Case=Nom|Number=Sing|Person=1	_	_	_	@pmk1959m-words#@pmk1959m#329.98#330.326
450	вот	вот	PART	_	_	_	_	_	@pmk1959m-words#@pmk1959m#330.326#330.672
451	этот	этот	DET	_	Case=Acc|Gender=Masc|Number=Sing	_	_	_	@pmk1959m-words#@pmk1959m#330.672#331.018
452	голос	голос	NOUN	_	Animacy=Inan|Case=Acc|Gender=Masc|Number=Sing	_	_	_	@pmk1959m-words#@pmk1959m#331.018#331.364
453	все	весь	DET	_	Case=Acc|Gender=Neut|Number=Sing	_	_	_	@pmk1959m-words#@pmk1959m#331.364#331.71
454	время	время	NOUN	_	Animacy=Inan|Case=Acc|Gender=Neut|Number=Sing	_	_	_	@pmk1959m-words#@pmk1959m#331.71#332.056
455	/	/	PUNCT	_	_	_	_	_	@pmk1959m-words#@pmk1959m#332.056#332.402
456	меццо	меццо	NOUN	_	Animacy=Inan|Case=Acc|Gender=Neut|Number=Sing	_	_	_	@pmk1959m-words#@pmk1959m#332.402#332.748
457	этой	этот	DET	_	Case=Gen|Gender=Fem|Number=Sing	_	_	_	@pmk1959m-words#@pmk1959m#332.748#333.094
458	/	/	PUNCT	_	_	_	_	_	@pmk1959m-words#@pmk1959m#333.094#333.44
459	прекрасной	прекрасный	ADJ	_	Case=Gen|Degree=Pos|Gender=Fem|Number=Sing	_	_	_	@pmk1959m-words#@pmk1959m#333.44#333.786
460	нашей	наш	DET	_	Case=Gen|Gender=Fem|Number=Sing	_	_	_	@pmk1959m-words#@pmk1959m#333.786#334.132
461	Карины	Карина	PROPN	_	Animacy=Anim|Case=Gen|Gender=Fem|Number=Sing	_	_	_	@pmk1959m-words#@pmk1959m#334.132#334.478
462	Хайлун	Хайлун	PROPN	_	Animacy=Anim|Case=Gen|Gender=Fem|Number=Sing	_	_	_	@pmk1959m-words#@pmk1959m#334.478#334.824
463	/	/	PUNCT	_	_	_	_	_	@pmk1959m-words#@pmk1959m#334.824#335.17
464	в	в	ADP	_	_	_	_	_	@pmk1959m-words#@pmk1959m#335.17#335.516
465	моём	мой	DET	_	Case=Loc|Gender=Neut|Number=Sing	_	_	_	@pmk1959m-words#@pmk1959m#335.516#335.862
466	спектакле	спектакль	NOUN	_	Animacy=Inan|Case=Loc|Gender=Neut|Number=Sing	_	_	_	@pmk1959m-words#@pmk1959m#335.862#336.208
467	Щелкунчик	Щелкунчик	PROPN		Animacy=Anim|Case=Nom|Gender=Masc|Number=Sing				@pmk1959m-words#@pmk1959m#336.208#336.554
468	в	в	ADP		_				@pmk1959m-words#@pmk1959m#336.554#336.9
469	Зарядье	Зарядье	PROPN	_	Animacy=Inan|Case=Loc|Gender=Neut|Number=Sing	_	_	_	@pmk1959m-words#@pmk1959m#336.9#337.246
470	/	/	PUNCT	_	_	_	_	_	@pmk1959m-words#@pmk1959m#337.246#337.592
471	она	она	PRON	_	Case=Nom|Gender=Fem|Number=Sing|Person=3	_	_	_	@pmk1959m-words#@pmk1959m#337.592#337.938
472	пела	петь	VERB	_	Aspect=Imp|Gender=Fem|Mood=Ind|Number=Sing|Tense=Past|VerbForm=Fin|Voice=Act	_	_	_	@pmk1959m-words#@pmk1959m#337.938#338.284
473	восточную	восточный	ADJ	_	Case=Acc|Gender=Fem|Number=Sing	_	_	_	@pmk1959m-words#@pmk1959m#338.284#338.63
474	куклу	кукла	NOUN	_	Animacy=Anim|Case=Acc|Gender=Fem|Number=Sing	_	_	_	@pmk1959m-words#@pmk1959m#338.63#339.0
475	ээ	ээ	INTJ	_	_	_	_	_	@pmk1959m-words#@pmk1959m#339.53#339.85
476	/	/	PUNCT	_	_	_	_	_	@pmk1959m-words#@pmk1959m#339.85#340.17
477	поразительно	поразительно	ADV	_	Degree=Pos	_	_	_	@pmk1959m-words#@pmk1959m#340.17#340.49
478	/	/	PUNCT	_	_	_	_	_	@pmk1959m-words#@pmk1959m#340.49#340.81
479	поразительно	поразительно	ADV	_	Degree=Pos	_	_	_	@pmk1959m-words#@pmk1959m#340.81#341.13
480	пела	петь	VERB	_	Aspect=Imp|Gender=Fem|Mood=Ind|Number=Sing|Tense=Past|VerbForm=Fin|Voice=Act	_	_	_	@pmk1959m-words#@pmk1959m#341.13#341.45
481	/	/	PUNCT	_	_	_	_	_	@pmk1959m-words#@pmk1959m#341.45#341.77
482	и	и	CCONJ	_	_	_	_	_	@pmk1959m-words#@pmk1959m#341.77#342.09
483	однажды	однажды	ADV	_	_	_	_	_	@pmk1959m-words#@pmk1959m#342.09#342.41
484	ээ	ээ	INTJ	_	_	_	_	_	@pmk1959m-words#@pmk1959m#342.41#342.73
485	на	на	ADP	_	_	_	_	_	@pmk1959m-words#@pmk1959m#342.73#343.05
486	спектакль	спектакль	NOUN	_	Animacy=Inan|Case=Acc|Gender=Masc|Number=Sing	_	_	_	@pmk1959m-words#@pmk1959m#343.05#343.37
487	пришёл	прийти	VERB	_	Aspect=Perf|Gender=Masc|Mood=Ind|Number=Sing|Tense=Past|VerbForm=Fin|Voice=Act	_	_	_	@pmk1959m-words#@pmk1959m#343.37#343.69
488	мой	мой	DET	_	Case=Nom|Gender=Masc|Number=Sing	_	_	_	@pmk1959m-words#@pmk1959m#343.69#344.01
489	друг	друг	NOUN	_	Animacy=Anim|Case=Nom|Gender=Masc|Number=Sing	_	_	_	@pmk1959m-words#@pmk1959m#344.01#344.33
490	ээ	ээ	INTJ	_	_	_	_	_	@pmk1959m-words#@pmk1959m#344.33#344.65
491	Саша	Саша	PROPN	_	Animacy=Anim|Case=Nom|Gender=Masc|Number=Sing	_	_	_	@pmk1959m-words#@pmk1959m#344.65#344.97
492	Балуев	Балуев	PROPN	_	Animacy=Anim|Case=Nom|Gender=Masc|Number=Sing	_	_	_	@pmk1959m-words#@pmk1959m#344.97#345.29
493	/	/	PUNCT	_	_	_	_	_	@pmk1959m-words#@pmk1959m#345.29#345.61
494	артист	артист	NOUN	_	Animacy=Anim|Case=Nom|Gender=Masc|Number=Sing	_	_	_	@pmk1959m-words#@pmk1959m#345.61#345.93
495	замечательный	замечательный	ADJ	_	Case=Nom|Degree=Pos|Gender=Masc|Number=Sing	_	_	_	@pmk1959m-words#@pmk1959m#345.93#346.25
496	наш	наш	DET	_	Case=Nom|Gender=Masc|Number=Sing	_	_	_	@pmk1959m-words#@pmk1959m#346.25#346.57
497	/	/	PUNCT	_	_	_	_	_	@pmk1959m-words#@pmk1959m#346.57#346.89
498	который	который	PRON	_	Case=Nom|Gender=Masc|Number=Sing	_	_	_	@pmk1959m-words#@pmk1959m#346.89#347.21
499	/	/	PUNCT	_	_	_	_	_	@pmk1959m-words#@pmk1959m#347.21#347.53
500	после	после	ADP	_	_	_	_	_	@pmk1959m-words#@pmk1959m#347.53#347.85
501	спектакля	спектакль	NOUN	_	Animacy=Inan|Case=Gen|Gender=Masc|Number=Sing	_	_	_	@pmk1959m-words#@pmk1959m#347.85#348.17
502	он	он	PRON	_	Case=Nom|Gender=Masc|Number=Sing|Person=3	_	_	_	@pmk1959m-words#@pmk1959m#348.17#348.49
503	пришёл	прийти	VERB	_	Aspect=Perf|Gender=Masc|Mood=Ind|Number=Sing|Tense=Past|VerbForm=Fin|Voice=Act	_	_	_	@pmk1959m-words#@pmk1959m#348.49#348.81
504	говорит	говорить	VERB	_	Aspect=Imp|Mood=Ind|Number=Sing|Person=3|Tense=Pres|VerbForm=Fin|Voice=Act	_	_	_	@pmk1959m-words#@pmk1959m#348.81#349.13
505	Паша	Паша	PROPN	_	Animacy=Anim|Case=Nom|Gender=Masc|Number=Sing	_	_	_	@pmk1959m-words#@pmk1959m#349.13#349.45
506	я	я	PRON	_	Case=Nom|Number=Sing|Person=1	_	_	_	@pmk1959m-words#@pmk1959m#349.45#349.77
507	тоже	тоже	PART	_	_	_	_	_	@pmk1959m-words#@pmk1959m#349.77#350.09
508	хочу	хотеть	VERB	_	Aspect=Imp|Mood=Ind|Number=Sing|Person=1|Tense=Pres|VerbForm=Fin|Voice=Act	_	_	_	@pmk1959m-words#@pmk1959m#350.09#350.41
509	в	в	ADP	_	_	_	_	_	@pmk1959m-words#@pmk1959m#350.41#350.73
510	таком	такой	DET	_	Case=Loc|Gender=Masc|Number=Sing	_	_	_	@pmk1959m-words#@pmk1959m#350.73#351.05
511	участвовать	участвовать	VERB	_	Aspect=Imp|VerbForm=Inf|Voice=Act	_	_	_	@pmk1959m-words#@pmk1959m#351.05#351.37
512	/	/	PUNCT	_	_	_	_	_	@pmk1959m-words#@pmk1959m#351.37#351.69
513	я	я	PRON	_	Case=Nom|Number=Sing|Person=1	_	_	_	@pmk1959m-words#@pmk1959m#351.69#352.01
514	подумал	подумать	VERB	_	Aspect=Perf|Gender=Masc|Mood=Ind|Number=Sing|Tense=Past|VerbForm=Fin|Voice=Act	_	_	_	@pmk1959m-words#@pmk1959m#352.01#352.33
515	/	/	PUNCT	_	_	_	_	_	@pmk1959m-words#@pmk1959m#352.33#352.65
516	как	как	SCONJ	_	_	_	_	_	@pmk1959m-words#@pmk1959m#352.65#352.97
517	интересно	интересно	ADV	_	Degree=Pos	_	_	_	@pmk1959m-words#@pmk1959m#352.97#353.29
518	/	/	PUNCT	_	_	_	_	_	@pmk1959m-words#@pmk1959m#353.29#353.61
519	она	она	PRON	_	Case=Nom|Gender=Fem|Number=Sing|Person=3	_	_	_	@pmk1959m-words#@pmk1959m#353.61#353.93
520	могла	мочь	VERB	_	Aspect=Imp|Gender=Fem|Mood=Ind|Number=Sing|Tense=Past|VerbForm=Fin|Voice=Act	_	_	_	@pmk1959m-words#@pmk1959m#353.93#354.25
521	бы	бы	PART	_	_	_	_	_	@pmk1959m-words#@pmk1959m#354.25#354.57
522	быть	быть	AUX	_	Aspect=Imp|VerbForm=Inf|Voice=Act	_	_	_	@pmk1959m-words#@pmk1959m#354.57#354.89
523	Кармен	Кармен	PROPN	_	Animacy=Anim|Case=Ins|Gender=Fem|Number=Sing	_	_	_	@pmk1959m-words#@pmk1959m#354.89#355.21
524	/	/	PUNCT	_	_	_	_	_	@pmk1959m-words#@pmk1959m#355.21#355.53
525	а	а	CCONJ	_	_	_	_	_	@pmk1959m-words#@pmk1959m#355.53#355.85
526	он	он	PRON	_	Case=Nom|Gender=Masc|Number=Sing|Person=3	_	_	_	@pmk1959m-words#@pmk1959m#355.85#356.17
527	бы	бы	PART	_	_	_	_	_	@pmk1959m-words#@pmk1959m#356.17#356.49
528	мог	мочь	VERB	_	Aspect=Imp|Gender=Masc|Mood=Ind|Number=Sing|Tense=Past|VerbForm=Fin|Voice=Act	_	_	_	@pmk1959m-words#@pmk1959m#356.49#356.81
529	бы	бы	PART	_	_	_	_	_	@pmk1959m-words#@pmk1959m#356.81#357.13
530	старым	старый	ADJ	_	Case=Ins|Degree=Pos|Gender=Masc|Number=Sing	_	_	_	@pmk1959m-words#@pmk1959m#357.13#357.45
531	ээ	ээ	INTJ	_	_	_	_	_	@pmk1959m-words#@pmk1959m#357.45#357.77
532	как	как	ADV	_	_	_	_	_	@pmk1959m-words#@pmk1959m#357.77#358.09
533	бы	бы	PART	_	_	_	_	_	@pmk1959m-words#@pmk1959m#358.09#358.41
534	Хозе	Хозе	PROPN	_	Animacy=Anim|Case=Ins|Gender=Masc|Number=Sing	_	_	_	@pmk1959m-words#@pmk1959m#358.41#358.73
535	/	/	PUNCT	_	_	_	_	_	@pmk1959m-words#@pmk1959m#358.73#359.05
536	так	так	ADV	_	_	_	_	_	@pmk1959m-words#@pmk1959m#359.05#359.37
537	скажем	сказать	VERB	_	Aspect=Perf|Mood=Ind|Number=Plur|Person=1|Tense=Fut|VerbForm=Fin|Voice=Act	_	_	_	@pmk1959m-words#@pmk1959m#359.37#359.69
538	/	/	PUNCT	_	_	_	_	_	@pmk1959m-words#@pmk1959m#359.69#360.01
539	вот	вот	PART	_	_	_	_	_	@pmk1959m-words#@pmk1959m#360.01#360.33
540	с	с	ADP	_	_	_	_	_	@pmk1959m-words#@pmk1959m#360.33#360.65
541	этого	это	PRON	_	Animacy=Inan|Case=Gen|Gender=Neut|Number=Sing	_	_	_	@pmk1959m-words#@pmk1959m#360.65#360.97
542	началось	начаться	VERB	_	Aspect=Perf|Gender=Neut|Mood=Ind|Number=Sing|Tense=Past|VerbForm=Fin|Voice=Mid	_	_	_	@pmk1959m-words#@pmk1959m#360.97#361.29
543	/	/	PUNCT	_	_	_	_	_	@pmk1959m-words#@pmk1959m#361.29#361.61
544	и	и	CCONJ	_	_	_	_	_	@pmk1959m-words#@pmk1959m#361.61#361.93
545	началось	начаться	VERB	_	Aspect=Perf|Gender=Neut|Mood=Ind|Number=Sing|Tense=Past|VerbForm=Fin|Voice=Mid	_	_	_	@pmk1959m-words#@pmk1959m#361.93#362.25
546	придумывание	придумывание	NOUN	_	Animacy=Inan|Case=Nom|Gender=Neut|Number=Sing	_	_	_	@pmk1959m-words#@pmk1959m#362.25#362.57
547	а	а	CCONJ	_	_	_	_	_	@pmk1959m-words#@pmk1959m#362.57#362.89
548	там	там	ADV	_	_	_	_	_	@pmk1959m-words#@pmk1959m#362.89#363.21
549	уже	уже	ADV	_	_	_	_	_	@pmk1959m-words#@pmk1959m#363.21#363.53
550	шаг	шаг	NOUN	_	Animacy=Inan|Case=Nom|Gender=Masc|Number=Sing	_	_	_	@pmk1959m-words#@pmk1959m#363.53#363.85
551	пошаг	пошаг	ADV	_	_	_	_	_	@pmk1959m-words#@pmk1959m#363.85#364.17
552	что	что	PRON	_	Case=Nom	_	_	_	@pmk1959m-words#@pmk1959m#364.17#364.49
553	называется	называться	VERB	_	Aspect=Imp|Mood=Ind|Number=Sing|Person=3|Tense=Pres|VerbForm=Fin|Voice=Mid	_	_	_	@pmk1959m-words#@pmk1959m#364.49#364.83
554	слушай	слушать	VERB	_	Aspect=Perf|Mood=Imp|Number=Sing|Person=2|VerbForm=Fin|Voice=Act	_	_	_	@pmk1959m-words#@pmk1959m#368.64#369.022
555	я	я	PRON	_	Case=Nom|Number=Sing|Person=1	_	_	_	@pmk1959m-words#@pmk1959m#369.022#369.404
556	однажды	однажды	ADV	_	_	_	_	_	@pmk1959m-words#@pmk1959m#369.404#369.786
557	делал	делать	VERB	_	Aspect=Imp|Gender=Masc|Mood=Ind|Number=Sing|Tense=Past|VerbForm=Fin|Voice=Act	_	_	_	@pmk1959m-words#@pmk1959m#369.786#370.168
558	я	я	PRON	_	Case=Nom|Number=Sing|Person=1	_	_	_	@pmk1959m-words#@pmk1959m#370.168#370.55
559	однажды	однажды	ADV	_	_	_	_	_	@pmk1959m-words#@pmk1959m#370.55#370.932
560	делал	делать	VERB	_	Aspect=Imp|Gender=Masc|Mood=Ind|Number=Sing|Tense=Past|VerbForm=Fin|Voice=Act	_	_	_	@pmk1959m-words#@pmk1959m#370.932#371.314
561	такое	такой	DET	_	Case=Acc|Gender=Neut|Number=Sing	_	_	_	@pmk1959m-words#@pmk1959m#371.314#371.696
562	огромное	огромный	ADJ	_	Case=Acc|Degree=Pos|Gender=Neut|Number=Sing	_	_	_	@pmk1959m-words#@pmk1959m#371.696#372.078
563	шоу	шоу	NOUN	_	Animacy=Inan|Case=Acc|Gender=Neut|Number=Sing	_	_	_	@pmk1959m-words#@pmk1959m#372.078#372.46
564	/	/	PUNCT	_	_	_	_	_	@pmk1959m-words#@pmk1959m#372.46#372.842
565	где	где	ADV	_	_	_	_	_	@pmk1959m-words#@pmk1959m#372.842#373.224
566	участвовал	участвовать	VERB	_	Aspect=Imp|Gender=Masc|Mood=Ind|Number=Sing|Tense=Past|VerbForm=Fin|Voice=Act	_	_	_	@pmk1959m-words#@pmk1959m#373.224#373.606
567	Роберто	Роберто	PROPN	_	Animacy=Anim|Case=Nom|Gender=Masc|Number=Sing	_	_	_	@pmk1959m-words#@pmk1959m#373.606#373.988
568	Аланья	Аланья	PROPN	_	Animacy=Anim|Case=Nom|Gender=Masc|Number=Sing	_	_	_	@pmk1959m-words#@pmk1959m#373.988#374.37
569	/	/	PUNCT	_	_	_	_	_	@pmk1959m-words#@pmk1959m#374.37#374.752
570	Диана	Диана	PROPN	_	Animacy=Anim|Case=Nom|Gender=Fem|Number=Sing	_	_	_	@pmk1959m-words#@pmk1959m#374.752#375.134
571	Вишнёва	Вишнева	PROPN	_	Animacy=Anim|Case=Nom|Gender=Fem|Number=Sing	_	_	_	@pmk1959m-words#@pmk1959m#375.134#375.516
572	/	/	PUNCT	_	_	_	_	_	@pmk1959m-words#@pmk1959m#375.516#375.898
573	Василий	Василий	PROPN	_	Animacy=Anim|Case=Nom|Gender=Masc|Number=Sing	_	_	_	@pmk1959m-words#@pmk1959m#375.898#376.28
574	Ладюк	Ладюк	PROPN	_	Animacy=Anim|Case=Nom|Gender=Masc|Number=Sing	_	_	_	@pmk1959m-words#@pmk1959m#376.28#376.662
575	/	/	PUNCT	_	_	_	_	_	@pmk1959m-words#@pmk1959m#376.662#377.044
576	хор	хор	NOUN	_	Animacy=Inan|Case=Nom|Gender=Masc|Number=Sing	_	_	_	@pmk1959m-words#@pmk1959m#377.044#377.426
577	/	/	PUNCT	_	_	_	_	_	@pmk1959m-words#@pmk1959m#377.426#377.808
578	мм	мм	INTJ	_	_	_	_	_	@pmk1959m-words#@pmk1959m#377.808#378.19
579	Свешникова	Свешников	PROPN	_	Animacy=Anim|Case=Gen|Gender=Masc|Number=Sing	_	_	_	@pmk1959m-words#@pmk1959m#378.19#378.572
580	такой	такой	DET	_	Case=Nom|Gender=Masc|Number=Sing	_	_	_	@pmk1959m-words#@pmk1959m#378.572#378.954
581	огромный	огромный	ADJ	_	Case=Nom|Degree=Pos|Gender=Masc|Number=Sing	_	_	_	@pmk1959m-words#@pmk1959m#378.954#379.336
582	огромный	огромный	ADJ	_	Case=Nom|Degree=Pos|Gender=Masc|Number=Sing	_	_	_	@pmk1959m-words#@pmk1959m#379.336#379.718
583	был	быть	VERB	_	Aspect=Imp|Gender=Masc|Mood=Ind|Number=Sing|Tense=Past|VerbForm=Fin|Voice=Act	_	_	_	@pmk1959m-words#@pmk1959m#379.718#380.1
584	проект	проект	NOUN	_	Animacy=Inan|Case=Nom|Gender=Masc|Number=Sing	_	_	_	@pmk1959m-words#@pmk1959m#380.1#380.482
585	/	/	PUNCT	_	_	_	_	_	@pmk1959m-words#@pmk1959m#380.482#380.864
586	вокруг	вокруг	ADP	_	_	_	_	_	@pmk1959m-words#@pmk1959m#380.864#381.246
587	Кармен	Кармен	PROPN	_	Animacy=Anim|Case=Gen|Gender=Fem|Number=Sing	_	_	_	@pmk1959m-words#@pmk1959m#381.246#381.628
588	/	/	PUNCT	_	_	_	_	_	@pmk1959m-words#@pmk1959m#381.628#382.01
589	ээ	ээ	INTJ	_	_	_	_	_	@pmk1959m-words#@pmk1959m#382.01#382.392
590	поэтому	поэтому	ADV	_	_	_	_	_	@pmk1959m-words#@pmk1959m#382.392#382.774
591	эта	этот	DET	_	Case=Nom|Gender=Fem|Number=Sing	_	_	_	@pmk1959m-words#@pmk1959m#382.774#383.156
592	меня	я	PRON	_	Case=Acc|Number=Sing|Person=1	_	_	_	@pmk1959m-words#@pmk1959m#383.156#383.538
593	тема	тема	NOUN	_	Animacy=Inan|Case=Nom|Gender=Fem|Number=Sing	_	_	_	@pmk1959m-words#@pmk1959m#383.538#383.92
594	вообще	вообще	ADV	_	_	_	_	_	@pmk1959m-words#@pmk1959m#383.92#384.302
595	всё	весь	DET	_	Case=Acc|Gender=Neut|Number=Sing	_	_	_	@pmk1959m-words#@pmk1959m#384.302#384.684
596	время	время	NOUN	_	Animacy=Inan|Case=Acc|Gender=Neut|Number=Sing	_	_	_	@pmk1959m-words#@pmk1959m#384.684#385.066
597	влечёт	влечь	VERB	_	Aspect=Imp|Mood=Ind|Number=Sing|Person=3|Tense=Pres|VerbForm=Fin|Voice=Act	_	_	_	@pmk1959m-words#@pmk1959m#385.066#385.448
598	/	/	PUNCT	_	_	_	_	_	@pmk1959m-words#@pmk1959m#385.448#385.83
599	и	и	CCONJ	_	_	_	_	_	@pmk1959m-words#@pmk1959m#385.83#386.212
600	тянет	тянуть	VERB	_	Aspect=Imp|Mood=Ind|Number=Sing|Person=3|Tense=Pres|VerbForm=Fin|Voice=Act	_	_	_	@pmk1959m-words#@pmk1959m#386.212#386.594
601	/	/	PUNCT	_	_	_	_	_	@pmk1959m-words#@pmk1959m#386.594#386.976
602	почему	почему	ADV	_	_	_	_	_	@pmk1959m-words#@pmk1959m#386.976#387.358
603	не	не	PART	_	_	_	_	_	@pmk1959m-words#@pmk1959m#387.358#387.74
604	знаю	знать	VERB	_	Aspect=Imp|Mood=Ind|Number=Sing|Person=1|Tense=Pres|VerbForm=Fin|Voice=Act	_	_	_	@pmk1959m-words#@pmk1959m#387.74#388.122
605	даже	даже	PART	_	_	_	_	_	@pmk1959m-words#@pmk1959m#388.122#388.504
606	не	не	PART	_	_	_	_	_	@pmk1959m-words#@pmk1959m#388.504#388.886
607	мотивированно	мотивированно	ADV	_	Degree=Pos	_	_	_	@pmk1959m-words#@pmk1959m#388.886#389.3
608	я	я	PRON	_	Case=Nom|Number=Sing|Person=1	_	_	_	@pmk1959m-words#@pmk1959m#413.3#413.563
609	тоже	тоже	PART	_	_	_	_	_	@pmk1959m-words#@pmk1959m#413.563#413.826
610	считал	считать	VERB	_	Aspect=Imp|Gender=Masc|Mood=Ind|Number=Sing|Tense=Past|VerbForm=Fin|Voice=Act	_	_	_	@pmk1959m-words#@pmk1959m#413.826#414.089
611	всегда	всегда	ADV	_	_	_	_	_	@pmk1959m-words#@pmk1959m#414.089#414.352
612	что	что	SCONJ	_	_	_	_	_	@pmk1959m-words#@pmk1959m#414.352#414.615
613	арабский	арабский	ADJ	_	Case=Nom|Gender=Masc|Number=Sing	_	_	_	@pmk1959m-words#@pmk1959m#414.615#414.878
614	/	/	PUNCT	_	_	_	_	_	@pmk1959m-words#@pmk1959m#414.878#415.141
615	я	я	PRON	_	Case=Nom|Number=Sing|Person=1	_	_	_	@pmk1959m-words#@pmk1959m#415.141#415.404
616	для	для	ADP	_	_	_	_	_	@pmk1959m-words#@pmk1959m#415.404#415.667
617	этого	это	PRON	_	Animacy=Inan|Case=Gen|Gender=Neut|Number=Sing	_	_	_	@pmk1959m-words#@pmk1959m#415.667#415.93
618	/	/	PUNCT	_	_	_	_	_	@pmk1959m-words#@pmk1959m#415.93#416.193
619	Айдан	Айдан	PROPN	_	Animacy=Anim|Case=Acc|Gender=Fem|Number=Sing	_	_	_	@pmk1959m-words#@pmk1959m#416.193#416.456
620	Салахову	Салахов	PROPN	_	Animacy=Anim|Case=Acc|Gender=Fem|Number=Sing	_	_	_	@pmk1959m-words#@pmk1959m#416.456#416.719
621	позвал	позвать	VERB	_	Aspect=Perf|Gender=Masc|Mood=Ind|Number=Sing|Tense=Past|VerbForm=Fin|Voice=Act	_	_	_	@pmk1959m-words#@pmk1959m#416.719#416.982
622	то	то	PRON	_	Animacy=Inan|Case=Nom|Gender=Neut|Number=Sing	_	_	_	@pmk1959m-words#@pmk1959m#416.982#417.245
623	есть	быть	VERB	_	Aspect=Imp|Mood=Ind|Number=Sing|Person=3|Tense=Pres|VerbForm=Fin|Voice=Act	_	_	_	@pmk1959m-words#@pmk1959m#417.245#417.508
624	/	/	PUNCT	_	_	_	_	_	@pmk1959m-words#@pmk1959m#417.508#417.771
625	как	как	ADV	_	_	_	_	_	@pmk1959m-words#@pmk1959m#417.771#418.034
626	бы	бы	PART	_	_	_	_	_	@pmk1959m-words#@pmk1959m#418.034#418.297
627	я	я	PRON	_	Case=Nom|Number=Sing|Person=1	_	_	_	@pmk1959m-words#@pmk1959m#418.297#418.56
628	эту	этот	DET	_	Case=Acc|Gender=Fem|Number=Sing	_	_	_	@pmk1959m-words#@pmk1959m#418.56#418.823
629	тему	тема	NOUN	_	Animacy=Inan|Case=Acc|Gender=Fem|Number=Sing	_	_	_	@pmk1959m-words#@pmk1959m#418.823#419.086
630	тоже	тоже	PART	_	_	_	_	_	@pmk1959m-words#@pmk1959m#419.086#419.349
631	как	как	ADV	_	_	_	_	_	@pmk1959m-words#@pmk1959m#419.349#419.612
632	бы	бы	AUX	_	_	_	_	_	@pmk1959m-words#@pmk1959m#419.612#419.875
633	там	там	ADV	_	_	_	_	_	@pmk1959m-words#@pmk1959m#419.875#420.138
634	всегда	всегда	ADV	_	_	_	_	_	@pmk1959m-words#@pmk1959m#420.138#420.401
635	слышал	слышать	VERB	_	Aspect=Imp|Gender=Masc|Mood=Ind|Number=Sing|Tense=Past|VerbForm=Fin|Voice=Act	_	_	_	@pmk1959m-words#@pmk1959m#420.401#420.67
636	да	да	PART	_	_	_	_	_	@pmk1959m-words#@pmk1959m#421.2#421.635
637	и	и	PART	_	_	_	_	_	@pmk1959m-words#@pmk1959m#421.635#422.07
638	поэтому	поэтому	ADV	_	_	_	_	_	@pmk1959m-words#@pmk1959m#422.07#422.505
639	по...	появиться	VERB	_	Aspect=Perf|Gender=Masc|Mood=Ind|Number=Sing|Tense=Past|VerbForm=Fin|Voice=Mid	_	_	_	@pmk1959m-words#@pmk1959m#422.505#422.94
640	появился	появиться	VERB	_	Aspect=Perf|Gender=Masc|Mood=Ind|Number=Sing|Tense=Past|VerbForm=Fin|Voice=Mid	_	_	_	@pmk1959m-words#@pmk1959m#422.94#423.375
641	Московский	московский	ADJ	_	Case=Nom|Gender=Masc|Number=Sing	_	_	_	@pmk1959m-words#@pmk1959m#423.375#423.81
642	Андалузский	андалузский	ADJ	_	Case=Nom|Gender=Masc|Number=Sing	_	_	_	@pmk1959m-words#@pmk1959m#423.81#424.245
643	Ансамбль	ансамбль	NOUN	_	Animacy=Inan|Case=Nom|Gender=Masc|Number=Sing	_	_	_	@pmk1959m-words#@pmk1959m#424.245#424.68
644	/	/	PUNCT	_	_	_	_	_	@pmk1959m-words#@pmk1959m#424.68#425.115
645	ээ	ээ	INTJ	_	_	_	_	_	@pmk1959m-words#@pmk1959m#425.115#425.55
646	который	который	PRON	_	Case=Nom	_	_	_	@pmk1959m-words#@pmk1959m#425.55#425.985
647	Филипп	Филипп	PROPN	_	Animacy=Anim|Case=Nom|Gender=Masc|Number=Sing	_	_	_	@pmk1959m-words#@pmk1959m#425.985#426.42
648	Чижевский	Чижевский	PROPN	_	Animacy=Anim|Case=Nom|Gender=Masc|Number=Sing	_	_	_	@pmk1959m-words#@pmk1959m#426.42#426.855
649	пригласил	пригласить	VERB	_	Aspect=Perf|Gender=Masc|Mood=Ind|Number=Sing|Tense=Past|VerbForm=Fin|Voice=Act	_	_	_	@pmk1959m-words#@pmk1959m#426.855#427.29
650	/	/	PUNCT	_	_	_	_	_	@pmk1959m-words#@pmk1959m#427.29#427.725
651	Филипп	Филипп	PROPN	_	Animacy=Anim|Case=Nom|Gender=Masc|Number=Sing	_	_	_	@pmk1959m-words#@pmk1959m#427.725#428.16
652	Чижевский	Чижевский	PROPN	_	Animacy=Anim|Case=Nom|Gender=Masc|Number=Sing	_	_	_	@pmk1959m-words#@pmk1959m#428.16#428.595
653	замечательный	замечательный	ADJ	_	Animacy=Anim|Case=Nom|Degree=Pos|Gender=Masc|Number=Sing	_	_	_	@pmk1959m-words#@pmk1959m#428.595#429.03
654	мм	мм	INTJ	_	_	_	_	_	@pmk1959m-words#@pmk1959m#429.03#429.465
655	/	/	PUNCT	_	_	_	_	_	@pmk1959m-words#@pmk1959m#429.465#429.9
656	дирижер	дирижер	NOUN	_	Animacy=Anim|Case=Nom|Gender=Masc|Number=Sing	_	_	_	@pmk1959m-words#@pmk1959m#429.9#430.335
657	/	/	PUNCT	_	_	_	_	_	@pmk1959m-words#@pmk1959m#430.335#430.77
658	там	там	ADV	_	_	_	_	_	@pmk1959m-words#@pmk1959m#430.77#431.205
659	ещё	еще	ADV	_	_	_	_	_	@pmk1959m-words#@pmk1959m#431.205#431.64
660	инструменты	инструмент	NOUN	_	Animacy=Inan|Case=Nom|Gender=Masc|Number=Plur	_	_	_	@pmk1959m-words#@pmk1959m#431.64#432.075
661	пятнадцатого	пятнадцатый	ADJ	_	Case=Gen|Gender=Masc|Number=Sing	_	_	_	@pmk1959m-words#@pmk1959m#432.075#432.51
662	века	век	NOUN	_	Animacy=Inan|Case=Gen|Gender=Masc|Number=Sing	_	_	_	@pmk1959m-words#@pmk1959m#432.51#432.945
663	настоящие	настоящий	ADJ	_	Case=Nom|Number=Plur	_	_	_	@pmk1959m-words#@pmk1959m#432.945#433.38
664	э	э	INTJ	_	_	_	_	_	@pmk1959m-words#@pmk1959m#433.38#433.815
665	используются	использоваться	VERB	_	Aspect=Imp|Mood=Ind|Number=Plur|Person=3|Tense=Pres|VerbForm=Fin|Voice=Pass	_	_	_	@pmk1959m-words#@pmk1959m#433.815#434.26
666	а	а	CCONJ	_	_	_	_	_	@pmk1959m-words#@pmk1959m#434.5#434.886
667	вдруг	вдруг	ADV	_	_	_	_	_	@pmk1959m-words#@pmk1959m#434.886#435.272
668	так	так	ADV	_	_	_	_	_	@pmk1959m-words#@pmk1959m#435.272#435.658
669	так	так	ADV	_	_	_	_	_	@pmk1959m-words#@pmk1959m#435.658#436.044
670	слоши...	сложиться	VERB	_	Aspect=Perf|Gender=Neut|Mood=Ind|Number=Sing|Tense=Past|VerbForm=Fin|Voice=Mid	_	_	_	@pmk1959m-words#@pmk1959m#436.044#436.43
671	сложилось	сложиться	VERB	_	Aspect=Perf|Gender=Neut|Mood=Ind|Number=Sing|Tense=Past|VerbForm=Fin|Voice=Mid	_	_	_	@pmk1959m-words#@pmk1959m#436.43#436.816
672	/	/	PUNCT	_	_	_	_	_	@pmk1959m-words#@pmk1959m#436.816#437.202
673	Хачатур	Хачатур	PROPN	_	Animacy=Anim|Case=Nom|Gender=Masc|Number=Sing	_	_	_	@pmk1959m-words#@pmk1959m#437.202#437.588
674	Бадалян	Бадалян	PROPN	_	Animacy=Anim|Case=Nom|Gender=Masc|Number=Sing	_	_	_	@pmk1959m-words#@pmk1959m#437.588#437.974
675	/	/	PUNCT	_	_	_	_	_	@pmk1959m-words#@pmk1959m#437.974#438.36
676	Эдик	Эдик	PROPN	_	Animacy=Anim|Case=Nom|Gender=Masc|Number=Sing	_	_	_	@pmk1959m-words#@pmk1959m#438.36#438.746
677	Ахметшин	Ахметшин	PROPN	_	Animacy=Anim|Case=Nom|Gender=Masc|Number=Sing	_	_	_	@pmk1959m-words#@pmk1959m#438.746#439.132
678	/	/	PUNCT	_	_	_	_	_	@pmk1959m-words#@pmk1959m#439.132#439.518
679	ээ	ээ	INTJ	_	_	_	_	_	@pmk1959m-words#@pmk1959m#439.518#439.904
680	/	/	PUNCT	_	_	_	_	_	@pmk1959m-words#@pmk1959m#439.904#440.29
681	Карина	Карина	PROPN	_	Animacy=Anim|Case=Nom|Gender=Fem|Number=Sing	_	_	_	@pmk1959m-words#@pmk1959m#440.29#440.676
682	Хайлун	Хайлун	PROPN	_	Animacy=Anim|Case=Nom|Gender=Fem|Number=Sing	_	_	_	@pmk1959m-words#@pmk1959m#440.676#441.07
683	в	в	ADP	_	_	_	_	_	@pmk1959m-words#@pmk1959m#442.46#442.75
684	трёх	три	NUM	_	Case=Loc	_	_	_	@pmk1959m-words#@pmk1959m#442.75#443.04
685	лицах	лицо	NOUN	_	Animacy=Inan|Case=Loc|Gender=Fem|Number=Plur	_	_	_	@pmk1959m-words#@pmk1959m#443.04#443.33
686	э	э	INTJ	_	_	_	_	_	@pmk1959m-words#@pmk1959m#450.5#450.85
687	Хачатур	Хачатур	PROPN	_	Animacy=Anim|Case=Nom|Gender=Masc|Number=Sing	_	_	_	@pmk1959m-words#@pmk1959m#450.85#451.2
688	Бадалян	Бадалян	PROPN	_	Animacy=Anim|Case=Nom|Gender=Masc|Number=Sing	_	_	_	@pmk1959m-words#@pmk1959m#451.2#451.55
689	и	и	CCONJ	_	_	_	_	_	@pmk1959m-words#@pmk1959m#452.5#452.993
690	Эдуард	Эдуард	PROPN	_	Animacy=Anim|Case=Nom|Gender=Masc|Number=Sing	_	_	_	@pmk1959m-words#@pmk1959m#452.993#453.486
691	Ахметшин	Ахметшин	PROPN	_	Animacy=Anim|Case=Nom|Gender=Masc|Number=Sing	_	_	_	@pmk1959m-words#@pmk1959m#453.486#453.98
692	да	да	CCONJ	_	_	_	_	_	@pmk1959m-words#@pmk1959m#455.1#455.55
693	блестяще	блестяще	ADV	_	Degree=Pos	_	_	_	@pmk1959m-words#@pmk1959m#455.55#456.0
694	их	они	PRON	_	Case=Gen|Number=Plur|Person=3	_	_	_	@pmk1959m-words#@pmk1959m#457.4#457.65
695	две	два	NUM	_	Animacy=Inan|Case=Nom|Gender=Fem	_	_	_	@pmk1959m-words#@pmk1959m#457.65#457.9
696	/	/	PUNCT	_	_	_	_	_	@pmk1959m-words#@pmk1959m#457.9#458.15
697	их	они	PRON	_	Case=Gen|Number=Plur|Person=3	_	_	_	@pmk1959m-words#@pmk1959m#458.15#458.4
698	две	два	NUM	_	Animacy=Inan|Case=Nom|Gender=Fem	_	_	_	@pmk1959m-words#@pmk1959m#458.4#458.65
699	Кармен	Кармен	PROPN	_	Animacy=Anim|Case=Gen|Gender=Fem|Number=Sing	_	_	_	@pmk1959m-words#@pmk1959m#463.545#464.0
700	угу	угу	INTJ	_	_	_	_	_	@iad1983m-words#@iad1983m#202.34#202.96
701	собственно	собственно	ADV	_	_	_	_	_	@iad1983m-words#@iad1983m#203.28#203.6
702	опера	опера	NOUN	_	Animacy=Inan|Case=Nom|Gender=Fem|Number=Sing	_	_	_	@iad1983m-words#@iad1983m#203.6#203.92
703	из	из	ADP	_	_	_	_	_	@iad1983m-words#@iad1983m#203.92#204.24
704	этого	это	PRON	_	Animacy=Inan|Case=Gen|Gender=Neut|Number=Sing	_	_	_	@iad1983m-words#@iad1983m#204.24#204.56
705	родилась	рождаться	VERB	_	Aspect=Perf|Gender=Fem|Mood=Ind|Number=Sing|Tense=Past|VerbForm=Fin|Voice=Mid	_	_	_	@iad1983m-words#@iad1983m#204.56#204.88
706	да	да	PART	_	_	_	_	_	@iad1983m-words#@iad1983m#205.04#205.306
707	/	/	PUNCT	_	_	_	_	_	@iad1983m-words#@iad1983m#205.306#205.572
708	мы	мы	PRON	_	Case=Nom|Number=Plur|Person=1	_	_	_	@iad1983m-words#@iad1983m#205.572#205.838
709	знаем	знать	VERB	_	Aspect=Imp|Mood=Ind|Number=Plur|Person=1|Tense=Pres|VerbForm=Fin|Voice=Act	_	_	_	@iad1983m-words#@iad1983m#205.838#206.104
710	как	как	SCONJ	_	_	_	_	_	@iad1983m-words#@iad1983m#206.104#206.37
711	во	в	ADP	_	_	_	_	_	@iad1983m-words#@iad1983m#206.37#206.636
712	Франции	Франция	PROPN	_	Animacy=Inan|Case=Loc|Gender=Fem|Number=Sing	_	_	_	@iad1983m-words#@iad1983m#206.636#206.902
713	в	в	ADP	_	_	_	_	_	@iad1983m-words#@iad1983m#206.902#207.168
714	общем-то	общий-то	DET	_	Case=Loc|Gender=Masc|Number=Sing	_	_	_	@iad1983m-words#@iad1983m#207.168#207.434
715	пришла	прийти	VERB	_	Aspect=Perf|Gender=Fem|Mood=Ind|Number=Sing|Tense=Past|VerbForm=Fin|Voice=Act	_	_	_	@iad1983m-words#@iad1983m#207.434#207.7
716	из	из	ADP	_	_	_	_	_	@iad1983m-words#@iad1983m#207.7#207.966
717	балета	балет	NOUN	_	Animacy=Inan|Case=Gen|Gender=Masc|Number=Sing	_	_	_	@iad1983m-words#@iad1983m#207.966#208.232
718	[нрзб]	[нрзб]	X	_	_	_	_	_	@iad1983m-words#@iad1983m#208.232#208.51
719	как	как	SCONJ	_	_	_	_	_	@iad1983m-words#@iad1983m#209.2#209.54
720	ээ	ээ	INTJ	_	_	_	_	_	@iad1983m-words#@iad1983m#209.85#210.35
721	постепенно	постепенно	ADV	_	_	_	_	_	@iad1983m-words#@iad1983m#211.0#211.39
722	она	она	PRON	_	Case=Nom|Gender=Fem|Number=Sing|Person=3	_	_	_	@iad1983m-words#@iad1983m#211.39#211.78
723	обрастала	обрастать	VERB	_	Aspect=Imp|Gender=Fem|Mood=Ind|Number=Sing|Tense=Past|VerbForm=Fin|Voice=Act	_	_	_	@iad1983m-words#@iad1983m#211.78#212.17
724	новыми	новый	ADJ	_	Case=Ins|Degree=Pos|Number=Plur	_	_	_	@iad1983m-words#@iad1983m#212.17#212.56
725	/	/	PUNCT	_	_	_	_	_	@iad1983m-words#@iad1983m#212.56#212.95
726	или	или	CCONJ	_	_	_	_	_	@iad1983m-words#@iad1983m#212.95#213.34
727	наоборот	наоборот	ADV	_	_	_	_	_	@iad1983m-words#@iad1983m#213.34#213.73
728	/	/	PUNCT	_	_	_	_	_	@iad1983m-words#@iad1983m#213.73#214.12
729	как	как	SCONJ	_	_	_	_	_	@iad1983m-words#@iad1983m#214.12#214.51
730	уходило	уходить	VERB	_	Aspect=Imp|Gender=Neut|Mood=Ind|Number=Sing|Tense=Past|VerbForm=Fin|Voice=Act	_	_	_	@iad1983m-words#@iad1983m#214.51#214.9
731	из	из	ADP	_	_	_	_	_	@iad1983m-words#@iad1983m#214.9#215.29
732	неё	она	DET	_	Case=Gen|Gender=Fem|Number=Sing	_	_	_	@iad1983m-words#@iad1983m#215.29#215.68
733	больше	больше	ADV	_	Degree=Cmp	_	_	_	@iad1983m-words#@iad1983m#215.68#216.07
734	драматическое	драматический	ADJ	_	Case=Nom|Gender=Neut|Number=Sing	_	_	_	@iad1983m-words#@iad1983m#216.07#216.46
735	да	да	PART	_	_	_	_	_	@iad1983m-words#@iad1983m#216.46#216.85
736	часть	часть	NOUN	_	Animacy=Inan|Case=Nom|Gender=Fem|Number=Sing	_	_	_	@iad1983m-words#@iad1983m#216.85#217.24
737	там	там	ADV	_	_	_	_	_	@iad1983m-words#@iad1983m#217.24#217.63
738	речетативы	речетатив	NOUN	_	Animacy=Inan|Case=Nom|Gender=Masc|Number=Plur	_	_	_	@iad1983m-words#@iad1983m#217.63#218.02
739	попостепенно	постепенно	ADV	_	_	_	_	_	@iad1983m-words#@iad1983m#218.02#218.41
740	уходили	уходить	VERB	_	Aspect=Imp|Mood=Ind|Number=Plur|Tense=Past|VerbForm=Fin|Voice=Act	_	_	_	@iad1983m-words#@iad1983m#218.41#218.8
741	потому	потому	ADV	_	_	_	_	_	@iad1983m-words#@iad1983m#243.61#243.924
742	что	что	SCONJ	_	_	_	_	_	@iad1983m-words#@iad1983m#243.924#244.238
743	время	время	NOUN	_	Animacy=Inan|Case=Nom|Gender=Neut|Number=Sing	_	_	_	@iad1983m-words#@iad1983m#244.238#244.552
744	такое	такой	DET	_	Case=Nom|Gender=Neut|Number=Sing	_	_	_	@iad1983m-words#@iad1983m#244.552#244.866
745	разумеется	разумеется	ADV	_	_	_	_	_	@iad1983m-words#@iad1983m#244.866#245.18
746	но	но	CCONJ	_	_	_	_	_	@iad1983m-words#@iad1983m#245.18#245.494
747	/	/	PUNCT	_	_	_	_	_	@iad1983m-words#@iad1983m#245.494#245.808
748	создавая	создавать	VERB	_	Aspect=Imp|Tense=Pres|VerbForm=Conv|Voice=Act	_	_	_	@iad1983m-words#@iad1983m#245.808#246.122
749	то	тот	PRON	_	Animacy=Inan|Case=Acc|Gender=Neut|Number=Sing	_	_	_	@iad1983m-words#@iad1983m#246.122#246.436
750	или	или	CCONJ	_	_	_	_	_	@iad1983m-words#@iad1983m#246.436#246.75
751	иное	иной	ADJ	_	Animacy=Inan|Case=Acc|Degree=Pos|Gender=Neut|Number=Sing	_	_	_	@iad1983m-words#@iad1983m#246.75#247.064
752	произведение	произведение	NOUN	_	Animacy=Inan|Case=Acc|Gender=Neut|Number=Sing	_	_	_	@iad1983m-words#@iad1983m#247.064#247.378
753	я	я	PRON	_	Case=Nom|Number=Sing|Person=1	_	_	_	@iad1983m-words#@iad1983m#247.378#247.692
754	/	/	PUNCT	_	_	_	_	_	@iad1983m-words#@iad1983m#247.692#248.006
755	не	не	PART	_	_	_	_	_	@iad1983m-words#@iad1983m#248.006#248.32
756	задаюсь	задаваться	VERB	_	Aspect=Imp|Mood=Ind|Number=Sing|Person=1|Tense=Pres|VerbForm=Fin|Voice=Mid	_	_	_	@iad1983m-words#@iad1983m#248.32#248.634
757	так	так	ADV	_	_	_	_	_	@iad1983m-words#@iad1983m#248.634#248.948
758	сказать	сказать	VERB	_	Aspect=Perf|VerbForm=Inf|Voice=Act	_	_	_	@iad1983m-words#@iad1983m#248.948#249.262
759	/	/	PUNCT	_	_	_	_	_	@iad1983m-words#@iad1983m#249.262#249.576
760	мм	мм	INTJ	_	_	_	_	_	@iad1983m-words#@iad1983m#249.576#249.9
761	не	не	PART	_	_	_	_	_	@iad1983m-words#@iad1983m#250.57#250.893
762	оцениваю	оценивать	VERB	_	Aspect=Imp|Mood=Ind|Number=Sing|Person=1|Tense=Pres|VerbForm=Fin|Voice=Act	_	_	_	@iad1983m-words#@iad1983m#250.893#251.216
763	результат	результат	NOUN	_	Animacy=Inan|Case=Acc|Gender=Masc|Number=Sing	_	_	_	@iad1983m-words#@iad1983m#251.216#251.539
764	/	/	PUNCT	_	_	_	_	_	@iad1983m-words#@iad1983m#251.539#251.862
765	какую	какой	DET	_	Case=Acc|Gender=Fem|Number=Sing	_	_	_	@iad1983m-words#@iad1983m#251.862#252.185
766	форму	форма	NOUN	_	Animacy=Inan|Case=Acc|Gender=Fem|Number=Sing	_	_	_	@iad1983m-words#@iad1983m#252.185#252.508
767	/	/	PUNCT	_	_	_	_	_	@iad1983m-words#@iad1983m#252.508#252.831
768	спектакль	спектакль	NOUN	_	Animacy=Inan|Case=Nom|Gender=Masc|Number=Sing	_	_	_	@iad1983m-words#@iad1983m#252.831#253.154
769	примет	принять	VERB	_	Aspect=Perf|Mood=Ind|Number=Sing|Person=3|Tense=Fut|VerbForm=Fin|Voice=Act	_	_	_	@iad1983m-words#@iad1983m#253.154#253.477
770	/	/	PUNCT	_	_	_	_	_	@iad1983m-words#@iad1983m#253.477#253.8
771	когда	когда	ADV	_	_	_	_	_	@iad1983m-words#@iad1983m#253.8#254.123
772	он	он	PRON	_	Case=Nom|Gender=Masc|Number=Sing|Person=3	_	_	_	@iad1983m-words#@iad1983m#254.123#254.446
773	уже	уже	ADV	_	_	_	_	_	@iad1983m-words#@iad1983m#254.446#254.769
774	будет	быть	AUX	_	Aspect=Imp|Mood=Ind|Number=Sing|Person=3|Tense=Fut|VerbForm=Fin|Voice=Act	_	_	_	@iad1983m-words#@iad1983m#254.769#255.092
775	закончен	закончить	VERB	_	Aspect=Perf|Gender=Masc|Number=Sing|Tense=Past|Variant=Short|VerbForm=Part|Voice=Pass	_	_	_	@iad1983m-words#@iad1983m#255.092#255.415
776	да	да	PART	_	_	_	_	_	@iad1983m-words#@iad1983m#255.415#255.738
777	и	и	PART	_	_	_	_	_	@iad1983m-words#@iad1983m#255.738#256.061
778	так	так	ADV	_	_	_	_	_	@iad1983m-words#@iad1983m#256.061#256.384
779	же	же	PART	_	_	_	_	_	@iad1983m-words#@iad1983m#256.384#256.707
780	создавая	создавать	VERB	_	Aspect=Imp|Tense=Pres|VerbForm=Conv|Voice=Act	_	_	_	@iad1983m-words#@iad1983m#256.707#257.03
781	того	тот	DET	_	Case=Acc|Gender=Masc|Number=Sing	_	_	_	@iad1983m-words#@iad1983m#257.03#257.353
782	же	же	PART	_	_	_	_	_	@iad1983m-words#@iad1983m#257.353#257.676
783	Нуриева	Нуриев	PROPN	_	Animacy=Anim|Case=Acc|Gender=Masc|Number=Sing	_	_	_	@iad1983m-words#@iad1983m#257.676#258.02
784	то	то	PRON	_	Animacy=Inan|Case=Nom|Gender=Neut|Number=Sing	_	_	_	@iad1983m-words#@iad1983m#258.55#258.875
785	есть	быть	VERB	_	Aspect=Imp|Mood=Ind|Number=Sing|Person=3|Tense=Pres|VerbForm=Inf|Voice=Act	_	_	_	@iad1983m-words#@iad1983m#258.875#259.2
786	это	это	PRON	_	Animacy=Inan|Case=Nom|Gender=Neut|Number=Sing	_	_	_	@iad1983m-words#@iad1983m#259.2#259.525
787	наверно	наверно	ADV	_	_	_	_	_	@iad1983m-words#@iad1983m#259.525#259.85
788	/	/	PUNCT	_	_	_	_	_	@iad1983m-words#@iad1983m#259.85#260.175
789	в	в	ADP	_	_	_	_	_	@iad1983m-words#@iad1983m#260.175#260.5
790	большей	больший	ADJ	_	Case=Loc|Degree=Cmp|Gender=Fem|Number=Sing	_	_	_	@iad1983m-words#@iad1983m#260.5#260.825
791	степени	степень	NOUN	_	Animacy=Inan|Case=Loc|Gender=Fem|Number=Sing	_	_	_	@iad1983m-words#@iad1983m#260.825#261.15
792	заслуга	заслуга	NOUN	_	Animacy=Inan|Case=Nom|Gender=Fem|Number=Sing	_	_	_	@iad1983m-words#@iad1983m#261.15#261.475
793	моих	мой	DET	_	Case=Gen|Number=Plur	_	_	_	@iad1983m-words#@iad1983m#261.475#261.8
794	соавторов	соавтор	NOUN	_	Animacy=Anim|Case=Gen|Gender=Masc|Number=Plur	_	_	_	@iad1983m-words#@iad1983m#261.8#262.125
795	и	и	CCONJ	_	_	_	_	_	@iad1983m-words#@iad1983m#262.125#262.45
796	Кирилла	Кирилл	PROPN	_	Animacy=Anim|Case=Gen|Gender=Masc|Number=Sing	_	_	_	@iad1983m-words#@iad1983m#262.45#262.775
797	Серебренникова	Серебренников	PROPN	_	Animacy=Anim|Case=Gen|Gender=Masc|Number=Sing	_	_	_	@iad1983m-words#@iad1983m#262.775#263.1
798	и	и	CCONJ	_	_	_	_	_	@iad1983m-words#@iad1983m#263.1#263.425
799	Юры	Юра	PROPN	_	Animacy=Anim|Case=Gen|Gender=Masc|Number=Sing	_	_	_	@iad1983m-words#@iad1983m#263.425#263.75
800	Посохова	Посохов	PROPN	_	Animacy=Anim|Case=Gen|Gender=Masc|Number=Sing	_	_	_	@iad1983m-words#@iad1983m#263.75#264.08
801	что	что	SCONJ	_	_	_	_	_	@iad1983m-words#@iad1983m#264.775#265.115
802	они	они	PRON	_	Case=Nom|Number=Plur|Person=3	_	_	_	@iad1983m-words#@iad1983m#265.115#265.455
803	/	/	PUNCT	_	_	_	_	_	@iad1983m-words#@iad1983m#265.455#265.795
804	балет	балет	NOUN	_	Animacy=Inan|Case=Acc|Gender=Masc|Number=Sing	_	_	_	@iad1983m-words#@iad1983m#265.795#266.135
805	который	который	PRON	_	Case=Acc|Gender=Masc|Number=Sing	_	_	_	@iad1983m-words#@iad1983m#266.135#266.475
806	я	я	PRON	_	Case=Nom|Number=Sing|Person=1	_	_	_	@iad1983m-words#@iad1983m#266.475#266.815
807	писал	писать	VERB	_	Aspect=Imp|Gender=Masc|Mood=Ind|Number=Sing|Tense=Past|VerbForm=Fin|Voice=Act	_	_	_	@iad1983m-words#@iad1983m#266.815#267.155
808	/	/	PUNCT	_	_	_	_	_	@iad1983m-words#@iad1983m#267.155#267.495
809	потому	потому	ADV	_	_	_	_	_	@iad1983m-words#@iad1983m#267.495#267.835
810	что	что	SCONJ	_	_	_	_	_	@iad1983m-words#@iad1983m#267.835#268.175
811	я	я	PRON	_	Case=Nom|Number=Sing|Person=1	_	_	_	@iad1983m-words#@iad1983m#268.175#268.515
812	композитор	композитор	NOUN	_	Animacy=Anim|Case=Nom|Gender=Masc|Number=Sing	_	_	_	@iad1983m-words#@iad1983m#268.515#268.855
813	я	я	PRON	_	Case=Nom|Number=Sing|Person=1	_	_	_	@iad1983m-words#@iad1983m#268.855#269.195
814	отвечаю	отвечать	VERB	_	Aspect=Imp|Mood=Ind|Number=Sing|Person=1|Tense=Pres|VerbForm=Fin|Voice=Act	_	_	_	@iad1983m-words#@iad1983m#269.195#269.535
815	исключительно	исключительно	ADV	_	_	_	_	_	@iad1983m-words#@iad1983m#269.535#269.875
816	за	за	ADP	_	_	_	_	_	@iad1983m-words#@iad1983m#269.875#270.215
817	музыку	музыка	NOUN	_	Animacy=Inan|Case=Acc|Gender=Fem|Number=Sing	_	_	_	@iad1983m-words#@iad1983m#270.215#270.555
818	/	/	PUNCT	_	_	_	_	_	@iad1983m-words#@iad1983m#270.555#270.895
819	и	и	CCONJ	_	_	_	_	_	@iad1983m-words#@iad1983m#270.895#271.235
820	отталкиваюсь	отталкиваться	VERB	_	Aspect=Imp|Mood=Ind|Number=Sing|Person=1|Tense=Pres|VerbForm=Fin|Voice=Mid	_	_	_	@iad1983m-words#@iad1983m#271.235#271.575
821	исключительно	исключительно	ADV	_	_	_	_	_	@iad1983m-words#@iad1983m#271.575#271.915
822	от	от	ADP	_	_	_	_	_	@iad1983m-words#@iad1983m#271.915#272.255
823	либретто	либретто	NOUN	_	Animacy=Inan|Case=Gen|Gender=Neut|Number=Sing	_	_	_	@iad1983m-words#@iad1983m#272.255#272.595
824	от	от	ADP	_	_	_	_	_	@iad1983m-words#@iad1983m#272.595#272.935
825	/	/	PUNCT	_	_	_	_	_	@iad1983m-words#@iad1983m#272.935#273.275
826	там	там	PART	_	_	_	_	_	@iad1983m-words#@iad1983m#273.275#273.615
827	/	/	PUNCT	_	_	_	_	_	@iad1983m-words#@iad1983m#273.615#273.955
828	пытаюсь	пытаться	VERB	_	Aspect=Imp|Mood=Ind|Number=Sing|Person=1|Tense=Pres|VerbForm=Fin|Voice=Mid	_	_	_	@iad1983m-words#@iad1983m#273.955#274.295
829	передать	передать	VERB	_	Aspect=Perf|VerbForm=Inf|Voice=Act	_	_	_	@iad1983m-words#@iad1983m#274.295#274.635
830	сюжет	сюжет	NOUN	_	Animacy=Inan|Case=Acc|Gender=Masc|Number=Sing	_	_	_	@iad1983m-words#@iad1983m#274.635#274.975
831	и	и	CCONJ	_	_	_	_	_	@iad1983m-words#@iad1983m#274.975#275.315
832	так	так	ADV	_	_	_	_	_	@iad1983m-words#@iad1983m#275.315#275.655
833	далее	далеко	ADV	_	Degree=Cmp	_	_	_	@iad1983m-words#@iad1983m#275.655#275.995
834	/	/	PUNCT	_	_	_	_	_	@iad1983m-words#@iad1983m#275.995#276.335
835	но	но	CCONJ	_	_	_	_	_	@iad1983m-words#@iad1983m#276.335#276.675
836	/	/	PUNCT	_	_	_	_	_	@iad1983m-words#@iad1983m#276.675#277.015
837	какую	какой	DET	_	Case=Acc|Gender=Fem|Number=Sing	_	_	_	@iad1983m-words#@iad1983m#277.015#277.355
838	форму	форма	NOUN	_	Animacy=Inan|Case=Acc|Gender=Fem|Number=Sing	_	_	_	@iad1983m-words#@iad1983m#277.355#277.695
839	/	/	PUNCT	_	_	_	_	_	@iad1983m-words#@iad1983m#277.695#278.035
840	произведение	произведение	NOUN	_	Animacy=Inan|Case=Nom|Gender=Neut|Number=Sing	_	_	_	@iad1983m-words#@iad1983m#278.035#278.375
841	примет	принять	VERB	_	Aspect=Perf|Mood=Ind|Number=Sing|Person=3|Tense=Fut|VerbForm=Fin|Voice=Act	_	_	_	@iad1983m-words#@iad1983m#278.375#278.715
842	окончательно	окончательно	ADV	_	_	_	_	_	@iad1983m-words#@iad1983m#278.715#279.055
843	/	/	PUNCT	_	_	_	_	_	@iad1983m-words#@iad1983m#279.055#279.395
844	на	на	ADP	_	_	_	_	_	@iad1983m-words#@iad1983m#279.395#279.735
845	сцене	сцена	NOUN	_	Animacy=Inan|Case=Loc|Gender=Fem|Number=Sing	_	_	_	@iad1983m-words#@iad1983m#279.735#280.1
846	это	это	PRON	_	Animacy=Inan|Case=Nom|Gender=Neut|Number=Sing	_	_	_	@iad1983m-words#@iad1983m#281.0#281.465
847	уже	уже	ADV	_	_	_	_	_	@iad1983m-words#@iad1983m#281.465#281.93
848	/	/	PUNCT	_	_	_	_	_	@iad1983m-words#@iad1983m#281.93#282.395
849	не	не	PART	_	_	_	_	_	@iad1983m-words#@iad1983m#282.395#282.86
850	/	/	PUNCT	_	_	_	_	_	@iad1983m-words#@iad1983m#282.86#283.325
851	композиторская	композиторский	ADJ	_	Case=Nom|Gender=Fem|Number=Sing	_	_	_	@iad1983m-words#@iad1983m#283.325#283.79
852	наверно	наверно	ADV	_	_	_	_	_	@iad1983m-words#@iad1983m#283.79#284.255
853	территория	территория	NOUN	_	Animacy=Inan|Case=Nom|Gender=Fem|Number=Sing	_	_	_	@iad1983m-words#@iad1983m#284.255#284.72
854	тут	тут	ADV	_	_	_	_	_	@iad1983m-words#@iad1983m#285.15#285.473
855	наверно	наверно	ADV	_	_	_	_	_	@iad1983m-words#@iad1983m#285.473#285.796
856	интереснее	интересно	ADJ	_	Degree=Cmp	_	_	_	@iad1983m-words#@iad1983m#285.796#286.119
857	от	от	ADP	_	_	_	_	_	@iad1983m-words#@iad1983m#286.119#286.442
858	Павла	Павел	PROPN	_	Animacy=Anim|Case=Gen|Gender=Masc|Number=Sing	_	_	_	@iad1983m-words#@iad1983m#286.442#286.765
859	услышать	услышать	VERB	_	Aspect=Perf|VerbForm=Inf|Voice=Act	_	_	_	@iad1983m-words#@iad1983m#286.765#287.09
860	разумеется	разумеется	ADV	_	_	_	_	_	@iad1983m-words#@iad1983m#290.06#290.384
861	/	/	PUNCT	_	_	_	_	_	@iad1983m-words#@iad1983m#290.384#290.708
862	да	да	PART	_	_	_	_	_	@iad1983m-words#@iad1983m#290.708#291.032
863	/	/	PUNCT	_	_	_	_	_	@iad1983m-words#@iad1983m#291.032#291.356
864	да	да	PART	_	_	_	_	_	@iad1983m-words#@iad1983m#291.356#291.68
865	да	да	PART	_	_	_	_	_	@iad1983m-words#@iad1983m#298.12#298.33
866	уже	уже	ADV	_	_	_	_	_	@iad1983m-words#@iad1983m#300.27#300.671
867	внедрение	внедрение	NOUN	_	Animacy=Inan|Case=Nom|Gender=Neut|Number=Sing	_	_	_	@iad1983m-words#@iad1983m#300.671#301.072
868	другой	другой	ADJ	_	Case=Gen|Gender=Fem|Number=Sing	_	_	_	@iad1983m-words#@iad1983m#301.072#301.473
869	формы	форма	NOUN	_	Animacy=Inan|Case=Gen|Gender=Fem|Number=Sing	_	_	_	@iad1983m-words#@iad1983m#301.473#301.874
870	на	на	ADP	_	_	_	_	_	@iad1983m-words#@iad1983m#301.874#302.275
871	территорию	территория	NOUN	_	Animacy=Inan|Case=Acc|Gender=Fem|Number=Sing	_	_	_	@iad1983m-words#@iad1983m#302.275#302.676
872	балета	балет	NOUN	_	Animacy=Inan|Case=Gen|Gender=Masc|Number=Sing	_	_	_	@iad1983m-words#@iad1983m#302.676#303.077
873	да	да	CCONJ	_	_	_	_	_	@iad1983m-words#@iad1983m#303.077#303.48
874	конечно	конечно	ADV	_	_	_	_	_	@iad1983m-words#@iad1983m#304.17#304.5
875	да	да	PART	_	_	_	_	_	@iad1983m-words#@iad1983m#310.62#311.007
876	потому	потому	ADV	_	_	_	_	_	@iad1983m-words#@iad1983m#311.007#311.394
877	что	что	SCONJ	_	_	_	_	_	@iad1983m-words#@iad1983m#311.394#311.781
878	я	я	PRON	_	Case=Nom|Number=Sing|Person=1	_	_	_	@iad1983m-words#@iad1983m#311.781#312.17
879	поддерживал	поддерживать	VERB	_	Aspect=Imp|Gender=Masc|Mood=Ind|Number=Sing|Tense=Past|VerbForm=Fin|Voice=Act	_	_	_	@iad1983m-words#@iad1983m#312.93#313.338
880	эмоцию	эмоция	NOUN	_	Animacy=Inan|Case=Acc|Gender=Fem|Number=Sing	_	_	_	@iad1983m-words#@iad1983m#313.338#313.746
881	там	там	ADV	_	_	_	_	_	@iad1983m-words#@iad1983m#313.746#314.154
882	и	и	CCONJ	_	_	_	_	_	@iad1983m-words#@iad1983m#314.154#314.562
883	зачастую	зачастую	ADV	_	_	_	_	_	@iad1983m-words#@iad1983m#314.562#314.97
884	текст	текст	NOUN	_	Animacy=Inan|Case=Nom|Gender=Masc|Number=Sing	_	_	_	@iad1983m-words#@iad1983m#314.97#315.378
885	звучит	звучать	VERB	_	Aspect=Imp|Mood=Ind|Number=Sing|Person=3|Tense=Pres|VerbForm=Fin|Voice=Act	_	_	_	@iad1983m-words#@iad1983m#315.378#315.786
886	одновременно	одновременно	ADV	_	_	_	_	_	@iad1983m-words#@iad1983m#315.786#316.194
887	с	с	ADP	_	_	_	_	_	@iad1983m-words#@iad1983m#316.194#316.602
888	музыкой	музыка	NOUN	_	Animacy=Inan|Case=Ins|Gender=Fem|Number=Sing	_	_	_	@iad1983m-words#@iad1983m#316.602#317.01
